Property Type,Beds,Bath,House Sqft,Lot Sqft,Price,Address,City,State,Lat,Lon,Ocean Distance,Year Built,Last Updated,Value Change Last 30 Days,Last Sold Date,Last Sold Price,Zestimate,Date Scraped,Id,Url
Condominium,0,1,460,,"$329,000 ",860 Turquoise St UNIT 328,SAN DIEGO,CA,32.809137,-117.258185,2.03590762,1980,1/20/2019,2943,2/24/2005,310000,410175,1/21/2019,63477819,https://www.zillow.com/homedetails/860-Turquoise-St-UNIT-328-San-Diego-CA-92109/63477819_zpid/
Condominium,0,1,504,435,"$335,000 ",8680 Via Mallorca APT C,LA JOLLA,CA,32.863357,-117.233833,1.819261086,1972,1/20/2019,-13334,6/19/2015,269000,347290,1/21/2019,16841369,https://www.zillow.com/homedetails/8680-Via-Mallorca-APT-C-La-Jolla-CA-92037/16841369_zpid/
Condominium,0,1,504,196571,"$352,500 ",3128 Via Alicante UNIT X,LA JOLLA,CA,32.862749,-117.234888,1.745825378,1971,1/20/2019,959,,,344854,1/21/2019,16841556,https://www.zillow.com/homedetails/3128-Via-Alicante-UNIT-X-La-Jolla-CA-92037/16841556_zpid/
Condominium,0,1,504,196571,"$352,500 ",3128 Via Alicante UNIT V,LA JOLLA,CA,32.862749,-117.234888,1.745825378,1971,1/20/2019,1066,,,344854,1/21/2019,16841544,https://www.zillow.com/homedetails/3128-Via-Alicante-UNIT-V-La-Jolla-CA-92037/16841544_zpid/
Condominium,1,1,691,,$354K,3110 Via Alicante UNIT L,LA JOLLA,CA,32.862749,-117.234888,1.745825378,1972,1/20/2019,-7153,11/21/2005,330000,402612,1/21/2019,16841581,https://www.zillow.com/homedetails/3110-Via-Alicante-UNIT-L-La-Jolla-CA-92037/16841581_zpid/
Condominium,1,1,848,,"$414,000 ",2600 Torrey Pines Rd APT A23,LA JOLLA,CA,32.851779,-117.246722,0.88568537,1966,1/20/2019,-20092,,,426787,1/21/2019,16839444,https://www.zillow.com/homedetails/2600-Torrey-Pines-Rd-APT-A23-La-Jolla-CA-92037/16839444_zpid/
Townhouse,1,1,820,174240,"$415,000 ",8282 Gilman Dr UNIT 41,LA JOLLA,CA,32.856074,-117.237358,1.45976302,1979,1/20/2019,1644,,,412864,1/21/2019,98378748,https://www.zillow.com/homedetails/8282-Gilman-Dr-UNIT-41-La-Jolla-CA-92037/98378748_zpid/
Condominium,1,1,691,78389,"$425,000 ",8524 Via Mallorca UNIT E,LA JOLLA,CA,32.862735,-117.23381,1.801983373,1971,1/20/2019,5089,,,416167,1/21/2019,16841427,https://www.zillow.com/homedetails/8524-Via-Mallorca-UNIT-E-La-Jolla-CA-92037/16841427_zpid/
Condominium,1,1,691,89756,"$425,000 ",8604 Via Mallorca APT I,LA JOLLA,CA,32.863357,-117.233833,1.819261086,1971,1/20/2019,4643,,,417112,1/21/2019,16841374,https://www.zillow.com/homedetails/8604-Via-Mallorca-APT-I-La-Jolla-CA-92037/16841374_zpid/
Condominium,1,1,691,196571,"$425,000 ",3116 Via Alicante UNIT I,LA JOLLA,CA,32.861694,-117.234533,1.734334604,1971,1/20/2019,-620,,,414588,1/21/2019,16841564,https://www.zillow.com/homedetails/3116-Via-Alicante-UNIT-I-La-Jolla-CA-92037/16841564_zpid/
Condominium,1,1,691,,"$425,000 ",8509 Villa La Jolla Dr APT H,LA JOLLA,CA,32.862855,-117.235689,1.707338634,1971,1/20/2019,-656,,,416615,1/21/2019,16841671,https://www.zillow.com/homedetails/8509-Villa-La-Jolla-Dr-APT-H-La-Jolla-CA-92037/16841671_zpid/
Condominium,1,1,691,78389,"$449,900 ",8528 Via Mallorca UNIT D,LA JOLLA,CA,32.862527,-117.234311,1.769557933,1972,1/20/2019,20336,6/14/2000,143000,417807,1/21/2019,16841422,https://www.zillow.com/homedetails/8528-Via-Mallorca-UNIT-D-La-Jolla-CA-92037/16841422_zpid/
Condominium,1,1,713,70567,"$499,000 ",6333 La Jolla Blvd UNIT 178,LA JOLLA,CA,32.824666,-117.275667,0.561639353,1970,1/20/2019,-4634,3/16/2015,364000,485854,1/21/2019,16850683,https://www.zillow.com/homedetails/6333-La-Jolla-Blvd-UNIT-178-La-Jolla-CA-92037/16850683_zpid/
Condominium,2,2,1204,117096,"$499,000 ",2610 Torrey Pines Rd APT C22,LA JOLLA,CA,32.852002,-117.247422,0.845197988,1966,1/20/2019,-71185,11/29/1995,135000,465684,1/21/2019,16839467,https://www.zillow.com/homedetails/2610-Torrey-Pines-Rd-APT-C22-La-Jolla-CA-92037/16839467_zpid/
Condominium,2,1,1080,,"$515,000 ",8850 Villa La Jolla Dr UNIT 201,LA JOLLA,CA,32.86932,-117.235414,1.961487405,1981,1/20/2019,-13109,8/21/2018,480000,516482,1/21/2019,16835971,https://www.zillow.com/homedetails/8850-Villa-La-Jolla-Dr-UNIT-201-La-Jolla-CA-92037/16835971_zpid/
Townhouse,2,2,971,,"$525,000 ",3148 Via Alicante UNIT A,LA JOLLA,CA,32.861448,-117.234108,1.75046277,1971,1/20/2019,-5663,4/22/2016,425000,559510,1/21/2019,16841515,https://www.zillow.com/homedetails/3148-Via-Alicante-UNIT-A-La-Jolla-CA-92037/16841515_zpid/
Condominium,2,1,597,20995,"$535,000 ",7514 Girard Ave APT B,LA JOLLA,CA,32.841014,-117.273078,0.429787822,1996,1/20/2019,14472,9/19/2018,415000,544689,1/21/2019,69223343,https://www.zillow.com/homedetails/7514-Girard-Ave-APT-B-La-Jolla-CA-92037/69223343_zpid/
Condominium,2,2,1017,,"$549,500 ",3131 Via Alicante UNIT 202,LA JOLLA,CA,32.86135,-117.234511,1.726260745,1975,1/20/2019,-29428,5/4/2005,440000,567355,1/21/2019,63789858,https://www.zillow.com/homedetails/3131-Via-Alicante-UNIT-202-La-Jolla-CA-92037/63789858_zpid/
Condominium,2,2,1204,117096,"$559,000 ",2610 Torrey Pines Rd APT C21,LA JOLLA,CA,32.852002,-117.247422,0.845197988,1966,1/20/2019,-4573,8/3/2001,318000,604418,1/21/2019,16839466,https://www.zillow.com/homedetails/2610-Torrey-Pines-Rd-APT-C21-La-Jolla-CA-92037/16839466_zpid/
Condominium,2,2,989,135900,"$560,000 ",6455 La Jolla Blvd UNIT 143,LA JOLLA,CA,32.825967,-117.276155,0.473583452,1970,1/20/2019,-5482,5/15/2002,310000,583205,1/21/2019,16850847,https://www.zillow.com/homedetails/6455-La-Jolla-Blvd-UNIT-143-La-Jolla-CA-92037/16850847_zpid/
Condominium,1,1,728,,"$598,000 ",7411 Herschel Ave UNIT 3E,LA JOLLA,CA,32.839788,-117.270742,0.589615519,1990,1/20/2019,-14433,9/1/2015,555000,601326,1/21/2019,61786902,https://www.zillow.com/homedetails/7411-Herschel-Ave-UNIT-3E-La-Jolla-CA-92037/61786902_zpid/
Condominium,2,2,1017,,"$599,900 ",8460 Via Mallorca UNIT 237,LA JOLLA,CA,32.860574,-117.23478,1.691853663,1975,1/20/2019,-3568,7/8/2005,490000,584664,1/21/2019,63789967,https://www.zillow.com/homedetails/8460-Via-Mallorca-UNIT-237-La-Jolla-CA-92037/63789967_zpid/
Condominium,2,2,1141,43378,"$610,000 ",8585 Via Mallorca UNIT 11,LA JOLLA,CA,32.861972,-117.232584,1.846039992,1986,1/20/2019,-8101,12/6/2018,630000,612621,1/21/2019,16836126,https://www.zillow.com/homedetails/8585-Via-Mallorca-UNIT-11-La-Jolla-CA-92037/16836126_zpid/
Condominium,2,2,990,69217,"$615,000 ",6333 La Jolla Blvd UNIT 277,LA JOLLA,CA,32.824666,-117.275667,0.561639353,1970,1/20/2019,-5505,4/1/2015,430000,582283,1/21/2019,16850707,https://www.zillow.com/homedetails/6333-La-Jolla-Blvd-UNIT-277-La-Jolla-CA-92037/16850707_zpid/
Condominium,2,2,984,185165,"$625,000 ",3261 Caminito Ameca,LA JOLLA,CA,32.854621,-117.234974,1.579894766,1976,1/20/2019,40161,2/24/2003,395500,596151,1/21/2019,16840399,https://www.zillow.com/homedetails/3261-Caminito-Ameca-La-Jolla-CA-92037/16840399_zpid/
Townhouse,2,2,1137,287496,"$650,000 ",3390 Via Alicante,LA JOLLA,CA,32.861393,-117.23191,1.867654881,1975,1/20/2019,-4853,,,629566,1/21/2019,16835330,https://www.zillow.com/homedetails/3390-Via-Alicante-La-Jolla-CA-92037/16835330_zpid/
Townhouse,2,2,1241,43560,"$652,500 ",3109 Evening Way UNIT D,LA JOLLA,CA,32.869169,-117.237519,1.860213587,1980,1/20/2019,-206570,9/12/2005,518000,692374,1/21/2019,16835598,https://www.zillow.com/homedetails/3109-Evening-Way-UNIT-D-La-Jolla-CA-92037/16835598_zpid/
Condominium,1,1,991,20995,"$665,000 ",7514 Girard Ave APT 24,LA JOLLA,CA,32.841015,-117.273079,0.429701052,1996,1/20/2019,1637,4/6/2007,525000,678548,1/21/2019,69223338,https://www.zillow.com/homedetails/7514-Girard-Ave-APT-24-La-Jolla-CA-92037/69223338_zpid/
Townhouse,2,3,1258,10890,"$715,000 ",7612 Eads Ave,LA JOLLA,CA,32.842062,-117.276004,0.250925931,1966,1/20/2019,-2551,10/21/2011,405000,686064,1/21/2019,16848650,https://www.zillow.com/homedetails/7612-Eads-Ave-La-Jolla-CA-92037/16848650_zpid/
Condominium,2,2,1101,28099,"$725,000 ",7811 Eads Ave UNIT 407,LA JOLLA,CA,32.845008,-117.276189,0.16120524,1971,1/20/2019,-2917,7/14/2010,560000,722833,1/21/2019,16847974,https://www.zillow.com/homedetails/7811-Eads-Ave-UNIT-407-La-Jolla-CA-92037/16847974_zpid/
VacantResidentialLand,,,,10890,"$749,000 ",5715 Soledad Mountain Rd LOT 209,La Jolla,CA,32.824781,-117.236218,2.353186736,,1/1/1970,,,,,1/21/2019,2087132204,https://www.zillow.com/homedetails/5715-Soledad-Mountain-Rd-LOT-209-La-Jolla-CA-92037/2087132204_zpid/
Condominium,2,2,1353,33106,"$769,000 ",5370 La Jolla Blvd UNIT 203,LA JOLLA,CA,32.810457,-117.266566,1.672725647,1976,1/20/2019,-21102,6/5/2015,621000,775162,1/21/2019,16907495,https://www.zillow.com/homedetails/5370-La-Jolla-Blvd-UNIT-203-La-Jolla-CA-92037/16907495_zpid/
Condominium,2,2,1351,,"$799,000 ",7550 Eads Ave UNIT 101,LA JOLLA,CA,32.840626,-117.275503,0.34326904,1975,1/20/2019,9739,8/14/2015,725000,794907,1/21/2019,16848681,https://www.zillow.com/homedetails/7550-Eads-Ave-UNIT-101-La-Jolla-CA-92037/16848681_zpid/
Condominium,2,2,1356,,"$825,000 ",7550 Eads Ave UNIT 403,LA JOLLA,CA,32.840626,-117.275503,0.34326904,1975,1/20/2019,-217276,,,801031,1/21/2019,16848714,https://www.zillow.com/homedetails/7550-Eads-Ave-UNIT-403-La-Jolla-CA-92037/16848714_zpid/
Condominium,3,3,1792,,"$825,000 ",8784 Caminito Abrazo,LA JOLLA,CA,32.867275,-117.239374,1.693761422,1974,1/20/2019,-11864,4/13/1994,245000,851556,1/21/2019,16836077,https://www.zillow.com/homedetails/8784-Caminito-Abrazo-La-Jolla-CA-92037/16836077_zpid/
MultiFamily2To4,3,3,1692,3998,"$849,000 ",8940 Caminito Fresco,LA JOLLA,CA,32.86981,-117.239212,1.816438685,1972,1/20/2019,-6028,5/24/1999,327500,836739,1/21/2019,16835180,https://www.zillow.com/homedetails/8940-Caminito-Fresco-La-Jolla-CA-92037/16835180_zpid/
SingleFamily,3,3,1456,,"$849,000 ",5433.5 La Jolla Blvd,La Jolla,CA,32.870044,-117.249522,1.454829468,1992,1/20/2019,,,,1435529,1/21/2019,2086460123,https://www.zillow.com/homedetails/5433-5-La-Jolla-Blvd-La-Jolla-CA-92037/2086460123_zpid/
Condominium,3,3,2083,,"$849,000 ",2842 Torrey Pines Rd,LA JOLLA,CA,32.853361,-117.24619,0.923094754,1995,1/20/2019,-9865,5/2/2014,679000,879142,1/21/2019,16838982,https://www.zillow.com/homedetails/2842-Torrey-Pines-Rd-La-Jolla-CA-92037/16838982_zpid/
Condominium,2,3,2174,33306,"$850,000 ",3120 Almahurst Row,LA JOLLA,CA,32.881315,-117.244874,2.269841425,1989,1/20/2019,-10933,,,916567,1/21/2019,17204047,https://www.zillow.com/homedetails/3120-Almahurst-Row-La-Jolla-CA-92037/17204047_zpid/
Condominium,3,3,2013,351694,"$875,000 ",5662 Caminito Isla,LA JOLLA,CA,32.821401,-117.238278,2.453364811,1974,1/20/2019,-5055,5/25/2018,880000,877422,1/21/2019,16857399,https://www.zillow.com/homedetails/5662-Caminito-Isla-La-Jolla-CA-92037/16857399_zpid/
Condominium,3,3,1987,179031,"$890,000 ",7960 Caminito Del Cid,LA JOLLA,CA,32.851187,-117.251381,0.616580635,1976,1/20/2019,-13848,9/30/1994,295500,877904,1/21/2019,16839383,https://www.zillow.com/homedetails/7960-Caminito-Del-Cid-La-Jolla-CA-92037/16839383_zpid/
Condominium,2,3,1248,,"$890,000 ",7625 Draper Ave UNIT B,LA JOLLA,CA,32.842376,-117.276615,0.210189741,1995,1/20/2019,-13538,3/2/2010,675000,874615,1/21/2019,16848637,https://www.zillow.com/homedetails/7625-Draper-Ave-UNIT-B-La-Jolla-CA-92037/16848637_zpid/
Condominium,3,3,2062,828404,"$895,000 ",5568 Caminito Consuelo,LA JOLLA,CA,32.820735,-117.235668,2.583893996,1971,1/20/2019,,11/27/1996,299000,880505,1/21/2019,16857476,https://www.zillow.com/homedetails/5568-Caminito-Consuelo-La-Jolla-CA-92037/16857476_zpid/
Condominium,3,3,2056,,"$899,000 ",2244 Caminito Castillo,LA JOLLA,CA,32.823618,-117.237811,2.35129702,1974,1/20/2019,-130939,,,892050,1/21/2019,16857346,https://www.zillow.com/homedetails/2244-Caminito-Castillo-La-Jolla-CA-92037/16857346_zpid/
Condominium,3,2,1858,7501,"$899,000 ",6515 Caminito Catalan,LA JOLLA,CA,32.835343,-117.245865,1.441071504,1980,1/20/2019,-42639,4/30/2014,715000,879619,1/21/2019,16852344,https://www.zillow.com/homedetails/6515-Caminito-Catalan-La-Jolla-CA-92037/16852344_zpid/
Condominium,2,2.5,1252,10229,"$899,000 ",7715 Eads Ave,LA JOLLA,CA,32.843586,-117.27573,0.211797117,1986,1/20/2019,-25397,9/9/1998,320000,874351,1/21/2019,16848330,https://www.zillow.com/homedetails/7715-Eads-Ave-La-Jolla-CA-92037/16848330_zpid/
Condominium,3,2,2183,,$909K,5782 Caminito Empresa,LA JOLLA,CA,32.819668,-117.249837,2.000039546,1986,1/20/2019,3751,12/29/1999,475000,1033130,1/21/2019,48180695,https://www.zillow.com/homedetails/5782-Caminito-Empresa-La-Jolla-CA-92037/48180695_zpid/
Condominium,2,2,1088,,"$917,000 ",410 Pearl St APT 2C,LA JOLLA,CA,32.839036,-117.279676,0.128196005,1990,1/20/2019,-732,8/12/2014,739000,918444,1/21/2019,62655499,https://www.zillow.com/homedetails/410-Pearl-St-APT-2C-La-Jolla-CA-92037/62655499_zpid/
Condominium,2,60,1158,28099,"$949,000 ",7811 Eads Ave UNIT 411,LA JOLLA,CA,32.845008,-117.276189,0.16120524,1971,1/20/2019,129976,11/1/2004,699000,1105698,1/21/2019,16847978,https://www.zillow.com/homedetails/7811-Eads-Ave-UNIT-411-La-Jolla-CA-92037/16847978_zpid/
Condominium,2,2,1345,5183,"$988,888 ",1236 Cave St UNIT 2B,LA JOLLA,CA,32.848152,-117.271469,0.16963344,1976,1/20/2019,90,11/8/2012,358500,996037,1/21/2019,16848003,https://www.zillow.com/homedetails/1236-Cave-St-UNIT-2B-La-Jolla-CA-92037/16848003_zpid/
Condominium,2,3,1620,4252,"$998,888 ",403 Bonair St,LA JOLLA,CA,32.83043,-117.277567,0.2306537,2007,1/20/2019,-7556,11/15/2012,770000,1126905,1/21/2019,83893267,https://www.zillow.com/homedetails/403-Bonair-St-La-Jolla-CA-92037/83893267_zpid/
SingleFamily,2,2,1008,10890,"$999,000 ",1551 Olivet Ln,LA JOLLA,CA,32.846735,-117.265117,0.178700274,1962,1/20/2019,-47999,9/26/2013,1250000,1510962,1/21/2019,16848226,https://www.zillow.com/homedetails/1551-Olivet-Ln-La-Jolla-CA-92037/16848226_zpid/
Condominium,2,2,1215,,"$1,025,000 ",909 Coast Blvd UNIT 2,LA JOLLA,CA,32.847585,-117.276649,0.040340087,1971,1/20/2019,833,5/7/2004,610000,1070797,1/21/2019,16847637,https://www.zillow.com/homedetails/909-Coast-Blvd-UNIT-2-La-Jolla-CA-92037/16847637_zpid/
Condominium,3,3,2070,,"$1,045,000 ",5428 Caminito Herminia,LA JOLLA,CA,32.819284,-117.236075,2.647334937,1971,1/20/2019,-14599,5/6/2011,600000,999179,1/21/2019,16857439,https://www.zillow.com/homedetails/5428-Caminito-Herminia-La-Jolla-CA-92037/16857439_zpid/
SingleFamily,2,2,1352,135289,"$1,048,000 ",2488 Azure Coast Dr,LA JOLLA,CA,32.850079,-117.24973,0.720666614,1977,1/20/2019,-30275,4/11/2016,684000,1044732,1/21/2019,16851343,https://www.zillow.com/homedetails/2488-Azure-Coast-Dr-La-Jolla-CA-92037/16851343_zpid/
SingleFamily,3,3,2555,10890,"$1,099,000 ",5401 La Jolla Mesa Dr,LA JOLLA,CA,32.812989,-117.259829,1.776467909,2012,1/20/2019,409,1/2/2013,995000,1512485,1/21/2019,16856375,https://www.zillow.com/homedetails/5401-La-Jolla-Mesa-Dr-La-Jolla-CA-92037/16856375_zpid/
Condominium,2,2,1737,,"$1,100,000 ",1001 Genter St UNIT 1G,LA JOLLA,CA,32.836669,-117.271026,0.618756723,1966,1/20/2019,-90843,1/22/2007,775000,1276111,1/21/2019,16849585,https://www.zillow.com/homedetails/1001-Genter-St-UNIT-1G-La-Jolla-CA-92037/16849585_zpid/
Condominium,3,3,2593,17903,"$1,150,000 ",1478 Caminito Solidago,LA JOLLA,CA,32.819986,-117.251273,1.914845011,1986,1/20/2019,-179584,10/19/2015,979000,1153630,1/21/2019,16858249,https://www.zillow.com/homedetails/1478-Caminito-Solidago-La-Jolla-CA-92037/16858249_zpid/
Condominium,2,2,1204,8359,"$1,150,000 ",305 Prospect St,LA JOLLA,CA,32.84035,-117.279906,0.128482354,1974,1/20/2019,5692,5/3/2018,886000,1125938,1/21/2019,16848626,https://www.zillow.com/homedetails/305-Prospect-St-La-Jolla-CA-92037/16848626_zpid/
Condominium,4,3,2601,36090,"$1,195,000 ",9752 Keeneland Row,LA JOLLA,CA,32.882061,-117.244954,2.31431789,1989,1/20/2019,-74978,12/30/1997,415000,1121502,1/21/2019,17204078,https://www.zillow.com/homedetails/9752-Keeneland-Row-La-Jolla-CA-92037/17204078_zpid/
Townhouse,4,3,1824,3998,"$1,199,888 ",8746 Caminito Sueno,LA JOLLA,CA,32.866483,-117.238585,1.696137374,1974,1/20/2019,220437,7/7/2014,620000,1087607,1/21/2019,16836097,https://www.zillow.com/homedetails/8746-Caminito-Sueno-La-Jolla-CA-92037/16836097_zpid/
Condominium,3,2,1519,1,"$1,249,000 ",2130 Vallecitos UNIT 244,LA JOLLA,CA,32.855334,-117.256713,0.392402784,1972,1/20/2019,-33593,2/19/2016,1060000,1278419,1/21/2019,16838727,https://www.zillow.com/homedetails/2130-Vallecitos-UNIT-244-La-Jolla-CA-92037/16838727_zpid/
SingleFamily,3,2,1560,8102,"$1,250,000 ",5439 La Jolla Mesa Dr,LA JOLLA,CA,32.813572,-117.259567,1.759125906,1941,1/20/2019,-12354,3/26/1997,274500,1352735,1/21/2019,16856371,https://www.zillow.com/homedetails/5439-La-Jolla-Mesa-Dr-La-Jolla-CA-92037/16856371_zpid/
Condominium,3,2,1252,,"$1,250,000 ",408 Bonair St,LA JOLLA,CA,32.830883,-117.277667,0.21980594,1961,1/20/2019,17349,4/27/2011,540000,1221057,1/21/2019,16849982,https://www.zillow.com/homedetails/408-Bonair-St-La-Jolla-CA-92037/16849982_zpid/
VacantResidentialLand,,,,10890,"$1,250,000 ",8356 Sugarman Dr LOT 57,La Jolla,CA,32.858334,-117.238814,1.419017133,,1/1/1970,,,,,1/21/2019,2087306108,https://www.zillow.com/homedetails/8356-Sugarman-Dr-LOT-57-La-Jolla-CA-92037/2087306108_zpid/
Condominium,2,2,1142,16433,"$1,250,000 ",800 Prospect St UNIT 1C,LA JOLLA,CA,32.845546,-117.276924,0.11136596,1964,1/20/2019,-8366,8/12/2016,1150000,1305061,1/21/2019,16847902,https://www.zillow.com/homedetails/800-Prospect-St-UNIT-1C-La-Jolla-CA-92037/16847902_zpid/
Condominium,2,3,2310,,"$1,250,000 ",8215 Caminito Lacayo,LA JOLLA,CA,32.856462,-117.242859,1.156197195,1975,1/20/2019,-62654,,,1198050,1/21/2019,16840000,https://www.zillow.com/homedetails/8215-Caminito-Lacayo-La-Jolla-CA-92037/16840000_zpid/
SingleFamily,2,2,1160,3998,"$1,274,000 ",6762 Tyrian St,La Jolla,CA,32.829998,-117.276085,0.321378939,2018,1/20/2019,366,,,1597458,1/21/2019,2089705875,https://www.zillow.com/homedetails/6762-Tyrian-St-La-Jolla-CA-92037/2089705875_zpid/
SingleFamily,3,3,2469,3484,"$1,285,000 ",5417 Caminito Bayo,LA JOLLA,CA,32.81429,-117.252642,2.039376217,2000,1/20/2019,-12585,2/10/2010,1015000,1420382,1/21/2019,16858534,https://www.zillow.com/homedetails/5417-Caminito-Bayo-La-Jolla-CA-92037/16858534_zpid/
VacantResidentialLand,,,,7501,"$1,350,000 ",623 Colima St LOT 4,La Jolla,CA,32.811593,-117.263539,1.706945201,,1/1/1970,,,,,1/21/2019,2086598302,https://www.zillow.com/homedetails/623-Colima-St-LOT-4-La-Jolla-CA-92037/2086598302_zpid/
VacantResidentialLand,,,,7501,"$1,350,000 ",627 Colima St LOT 4,La Jolla,CA,32.811664,-117.263634,1.699695176,,1/1/1970,,,,,1/21/2019,2086598184,https://www.zillow.com/homedetails/627-Colima-St-LOT-4-La-Jolla-CA-92037/2086598184_zpid/
VacantResidentialLand,,,,10890,"$1,375,000 ",1510 Copa De Oro Dr,La Jolla,CA,32.817917,-117.255745,1.751114709,,1/1/1970,,,,,1/21/2019,99464806,https://www.zillow.com/homedetails/1510-Copa-De-Oro-Dr-La-Jolla-CA-92037/99464806_zpid/
VacantResidentialLand,,,,10890,"$1,375,000 ",1510 Copa De Oro Dr LOT 84,La Jolla,CA,32.817917,-117.255745,1.751114709,,1/1/1970,,,,,1/21/2019,2088946917,https://www.zillow.com/homedetails/1510-Copa-De-Oro-Dr-LOT-84-La-Jolla-CA-92037/2088946917_zpid/
Condominium,2,2,992,6795,"$1,395,000 ",457 Coast Blvd UNIT 403,LA JOLLA,CA,32.843201,-117.280089,0.054499257,1970,1/20/2019,20854,8/24/2011,675000,1396883,1/21/2019,16848298,https://www.zillow.com/homedetails/457-Coast-Blvd-UNIT-403-La-Jolla-CA-92037/16848298_zpid/
SingleFamily,3,3,2786,6411,"$1,397,000 ",6013 Oakgate Row,LA JOLLA,CA,32.830691,-117.235786,2.094887251,1998,1/20/2019,-5658,7/11/2003,830000,1390613,1/21/2019,16858133,https://www.zillow.com/homedetails/6013-Oakgate-Row-La-Jolla-CA-92037/16858133_zpid/
Condominium,2,2,992,6581,"$1,425,000 ",457 Coast Blvd UNIT 503,LA JOLLA,CA,32.843201,-117.280089,0.054499257,1970,1/20/2019,18869,6/20/2011,925000,1396959,1/21/2019,16848301,https://www.zillow.com/homedetails/457-Coast-Blvd-UNIT-503-La-Jolla-CA-92037/16848301_zpid/
SingleFamily,4,4,2939,6506,"$1,449,000 ",6037 Greenhedge Row,LA JOLLA,CA,32.83045,-117.234341,2.171301952,1997,1/20/2019,14473,12/8/2004,1150000,1420949,1/21/2019,16858175,https://www.zillow.com/homedetails/6037-Greenhedge-Row-La-Jolla-CA-92037/16858175_zpid/
SingleFamily,3,2,2518,10890,"$1,449,000 ",6083 Oakgate Row,LA JOLLA,CA,32.83151,-117.234881,2.10226247,1998,1/20/2019,-6383,12/21/2016,1100000,1386579,1/21/2019,16858128,https://www.zillow.com/homedetails/6083-Oakgate-Row-La-Jolla-CA-92037/16858128_zpid/
SingleFamily,4,3,2508,10890,"$1,450,000 ",2331 Bahia Dr,LA JOLLA,CA,32.821539,-117.241716,2.329061923,1961,1/20/2019,-91101,,,1448674,1/21/2019,16856911,https://www.zillow.com/homedetails/2331-Bahia-Dr-La-Jolla-CA-92037/16856911_zpid/
SingleFamily,4,3,1811,7501,"$1,459,000 ",7904 Calle De La Plata,LA JOLLA,CA,32.850367,-117.256185,0.350153898,1990,1/20/2019,-95954,5/29/2018,1317747,2417488,1/21/2019,16839251,https://www.zillow.com/homedetails/7904-Calle-De-La-Plata-La-Jolla-CA-92037/16839251_zpid/
SingleFamily,4,2,2648,10890,"$1,475,000 ",5735 Soledad Mountain Rd,LA JOLLA,CA,32.825065,-117.236573,2.324767271,1970,1/20/2019,120649,,,1454410,1/21/2019,16856996,https://www.zillow.com/homedetails/5735-Soledad-Mountain-Rd-La-Jolla-CA-92037/16856996_zpid/
Condominium,3,2,1729,5829,"$1,495,000 ",743 Bonair Way APT A,LA JOLLA,CA,32.831774,-117.272956,0.493940808,1974,1/20/2019,-14408,,,1327711,1/21/2019,16850048,https://www.zillow.com/homedetails/743-Bonair-Way-APT-A-La-Jolla-CA-92037/16850048_zpid/
SingleFamily,3,3,1855,6180,"$1,495,000 ",714 Bonair Way,LA JOLLA,CA,32.831925,-117.273715,0.451087304,2006,1/20/2019,9157,2/14/2013,1325000,1757696,1/21/2019,70597107,https://www.zillow.com/homedetails/714-Bonair-Way-La-Jolla-CA-92037/70597107_zpid/
SingleFamily,3,2,1179,7501,"$1,495,000 ",539 Westbourne St,LA JOLLA,CA,32.832793,-117.275991,0.334902491,1947,1/20/2019,-9181,11/5/1998,375000,1480583,1/21/2019,16849919,https://www.zillow.com/homedetails/539-Westbourne-St-La-Jolla-CA-92037/16849919_zpid/
SingleFamily,4,3,1945,3998,"$1,498,000 ",6752 Tyrian St,La Jolla,CA,32.829963,-117.27608,0.322287854,2000,1/20/2019,-16353,,,1775323,1/21/2019,2110940541,https://www.zillow.com/homedetails/6752-Tyrian-St-La-Jolla-CA-92037/2110940541_zpid/
SingleFamily,5,3,1995,13068,"$1,499,000 ",5270 Vickie Dr,SAN DIEGO,CA,32.812582,-117.247054,2.374651746,1965,1/20/2019,18927,12/11/1997,380000,1433457,1/21/2019,16912232,https://www.zillow.com/homedetails/5270-Vickie-Dr-San-Diego-CA-92109/16912232_zpid/
Condominium,2,2,1194,33105,"$1,500,000 ",220 Coast Blvd UNIT 1B,LA JOLLA,CA,32.839776,-117.281614,0.036001577,1959,1/20/2019,-213098,3/26/2014,1100000,1523317,1/21/2019,16848891,https://www.zillow.com/homedetails/220-Coast-Blvd-UNIT-1B-La-Jolla-CA-92037/16848891_zpid/
SingleFamily,4,2.5,2377,3484,$1.53M,1040 Van Nuys St,SAN DIEGO,CA,32.81272,-117.255478,1.975022957,2004,1/20/2019,-26149,10/29/2004,1050000,1736637,1/21/2019,52515705,https://www.zillow.com/homedetails/1040-Van-Nuys-St-San-Diego-CA-92109/52515705_zpid/
SingleFamily,4,3,2699,6534,"$1,550,000 ",1329 Caminito Faro,LA JOLLA,CA,32.816029,-117.251168,2.046045553,1995,1/20/2019,-176165,6/16/1995,460000,1608313,1/21/2019,16858394,https://www.zillow.com/homedetails/1329-Caminito-Faro-La-Jolla-CA-92037/16858394_zpid/
SingleFamily,4,3,2826,21780,"$1,550,000 ",1699 Nautilus St,LA JOLLA,CA,32.831632,-117.258829,1.273914481,1981,1/20/2019,-21452,11/9/2006,700000,1918914,1/21/2019,16851744,https://www.zillow.com/homedetails/1699-Nautilus-St-La-Jolla-CA-92037/16851744_zpid/
SingleFamily,2,1,830,7501,"$1,550,000 ",6520 Tyrian St,LA JOLLA,CA,32.827509,-117.275364,0.434718546,1948,1/20/2019,29013,,,1469263,1/21/2019,16850470,https://www.zillow.com/homedetails/6520-Tyrian-St-La-Jolla-CA-92037/16850470_zpid/
Condominium,4,3,2685,18396,"$1,575,000 ",9712 Claiborne Sq,LA JOLLA,CA,32.881757,-117.245572,2.280130436,1989,1/20/2019,-7515,12/19/2014,1325000,1509214,1/21/2019,17204077,https://www.zillow.com/homedetails/9712-Claiborne-Sq-La-Jolla-CA-92037/17204077_zpid/
SingleFamily,5,4,3107,7501,"$1,579,000 ",6005 Hillpointe Row,LA JOLLA,CA,32.83037,-117.235585,2.11784285,1997,1/20/2019,29957,8/7/2018,1205000,1551806,1/21/2019,16858162,https://www.zillow.com/homedetails/6005-Hillpointe-Row-La-Jolla-CA-92037/16858162_zpid/
SingleFamily,3,1,1190,8712,"$1,595,000 ",835 Midway St,LA JOLLA,CA,32.81364,-117.261831,1.663287444,1949,1/20/2019,167104,4/13/1995,260000,1530174,1/21/2019,16856244,https://www.zillow.com/homedetails/835-Midway-St-La-Jolla-CA-92037/16856244_zpid/
Condominium,2,2,1941,50042,"$1,595,000 ",1001 Genter St UNIT 8D,La Jolla,CA,32.836669,-117.271026,0.618756723,1966,1/20/2019,-47676,,,1558007,1/21/2019,16849645,https://www.zillow.com/homedetails/1001-Genter-St-UNIT-8D-La-Jolla-CA-92037/16849645_zpid/
SingleFamily,3,4,2020,3998,"$1,595,000 ",1315 Torrey Pines Rd,LA JOLLA,CA,32.844865,-117.269376,0.309398585,2000,1/20/2019,-25989,2/6/2013,1265000,1895685,1/21/2019,16848399,https://www.zillow.com/homedetails/1315-Torrey-Pines-Rd-La-Jolla-CA-92037/16848399_zpid/
SingleFamily,4,3,2652,7501,"$1,595,000 ",7345 Draper Ave,LA JOLLA,CA,32.837755,-117.275033,0.39151183,1957,1/20/2019,14917,6/6/2008,865500,1900855,1/21/2019,16851219,https://www.zillow.com/homedetails/7345-Draper-Ave-La-Jolla-CA-92037/16851219_zpid/
SingleFamily,3,2,1235,7501,"$1,599,000 ",5429 Bellevue Ave,LA JOLLA,CA,32.812668,-117.262569,1.684703014,1952,1/20/2019,177743,,,1530652,1/21/2019,16856216,https://www.zillow.com/homedetails/5429-Bellevue-Ave-La-Jolla-CA-92037/16856216_zpid/
MultiFamily2To4,2,2,,3998,"$1,599,000 ",376 378 Nautilus,La Jolla,CA,32.831605,-117.27814,0.193436618,1950,1/20/2019,,,,1653605,1/21/2019,2087784785,https://www.zillow.com/homedetails/376-378-Nautilus-La-Jolla-CA-92037/2087784785_zpid/
Condominium,3,3,2611,4356,"$1,625,000 ",5418 Caminito Bayo,LA JOLLA,CA,32.814428,-117.253079,2.01312337,2009,1/20/2019,-98427,3/3/2016,1440000,1624631,1/21/2019,16858529,https://www.zillow.com/homedetails/5418-Caminito-Bayo-La-Jolla-CA-92037/16858529_zpid/
SingleFamily,4,4,2059,3998,"$1,648,000 ",6756 Tyrian St,La Jolla,CA,32.830016,-117.27612,0.319096461,2018,1/20/2019,-7617,,,1859677,1/21/2019,2089695298,https://www.zillow.com/homedetails/6756-Tyrian-St-La-Jolla-CA-92037/2089695298_zpid/
SingleFamily,4,4,2679,10890,"$1,650,000 ",2817 Caminito Turnberry,LA JOLLA,CA,32.835715,-117.239686,1.70479032,1980,1/20/2019,4793,,,1609380,1/21/2019,16852668,https://www.zillow.com/homedetails/2817-Caminito-Turnberry-La-Jolla-CA-92037/16852668_zpid/
SingleFamily,3,2,1993,7501,"$1,650,000 ",5515 Ladybird Ln,LA JOLLA,CA,32.814332,-117.260056,1.70238053,1959,1/20/2019,-10071,,,1673372,1/21/2019,16856061,https://www.zillow.com/homedetails/5515-Ladybird-Ln-La-Jolla-CA-92037/16856061_zpid/
SingleFamily,4,4,2,7042,"$1,650,000 ",1380 Caminito Balada,LA JOLLA,CA,32.815626,-117.24962,2.13763027,2000,1/20/2019,145979,6/13/2008,1050000,1879710,1/21/2019,16858472,https://www.zillow.com/homedetails/1380-Caminito-Balada-La-Jolla-CA-92037/16858472_zpid/
SingleFamily,5,4,2730,10890,"$1,674,888 ",5645 Soledad Mountain Rd,LA JOLLA,CA,32.823628,-117.235295,2.447958522,1988,1/20/2019,1705,4/13/2018,960000,1573118,1/21/2019,16857071,https://www.zillow.com/homedetails/5645-Soledad-Mountain-Rd-La-Jolla-CA-92037/16857071_zpid/
Condominium,4,3,2694,3998,"$1,675,000 ",5423 Caminito Bayo,LA JOLLA,CA,32.814382,-117.252584,2.038508774,2011,1/20/2019,-151449,6/6/2016,1440000,1642144,1/21/2019,81962138,https://www.zillow.com/homedetails/5423-Caminito-Bayo-La-Jolla-CA-92037/81962138_zpid/
SingleFamily,5,4,1400,3998,"$1,689,000 ",521 Arenas St,LA JOLLA,CA,32.83495,-117.277071,0.263590322,1973,1/20/2019,-1621,5/10/2005,1200000,1831065,1/21/2019,16849480,https://www.zillow.com/homedetails/521-Arenas-St-La-Jolla-CA-92037/16849480_zpid/
Townhouse,3,3,2428,7501,"$1,695,000 ",5412 Caminito Bayo,LA JOLLA,CA,32.814328,-117.253142,2.014122695,2000,1/20/2019,-47713,2/25/2016,1350000,1620826,1/21/2019,16858530,https://www.zillow.com/homedetails/5412-Caminito-Bayo-La-Jolla-CA-92037/16858530_zpid/
SingleFamily,4,4.5,2308,3998,"$1,695,000 ",5620 La Jolla Blvd,LA JOLLA,CA,32.814138,-117.2701,1.349682823,1990,1/20/2019,-9162,6/28/2013,1290000,1801151,1/21/2019,55326783,https://www.zillow.com/homedetails/5620-La-Jolla-Blvd-La-Jolla-CA-92037/55326783_zpid/
SingleFamily,3,3,2295,12000,"$1,695,000 ",8356 Sugarman Dr,LA JOLLA,CA,32.858334,-117.238814,1.419017133,1961,1/20/2019,129796,9/7/2018,2168000,1759478,1/21/2019,16840238,https://www.zillow.com/homedetails/8356-Sugarman-Dr-La-Jolla-CA-92037/16840238_zpid/
Condominium,2,2,1481,55067,"$1,725,000 ",100 Coast Blvd UNIT 204,LA JOLLA,CA,32.839031,-117.281031,0.0508082,1976,1/20/2019,-100939,11/24/2009,1582000,1631574,1/21/2019,16848862,https://www.zillow.com/homedetails/100-Coast-Blvd-UNIT-204-La-Jolla-CA-92037/16848862_zpid/
SingleFamily,3,2,1429,7501,"$1,749,999 ",5661 Beaumont Ave,LA JOLLA,CA,32.815579,-117.268085,1.328385191,1946,1/20/2019,-23694,6/18/2007,1425000,1723749,1/21/2019,16855688,https://www.zillow.com/homedetails/5661-Beaumont-Ave-La-Jolla-CA-92037/16855688_zpid/
SingleFamily,7,4,2450,7501,"$1,750,000 ",1164 Turquoise St,SAN DIEGO,CA,32.81044,-117.252353,2.215328969,1965,1/20/2019,-21173,8/29/1995,195000,1767094,1/21/2019,16908045,https://www.zillow.com/homedetails/1164-Turquoise-St-San-Diego-CA-92109/16908045_zpid/
SingleFamily,4,2,2292,11761,"$1,795,000 ",1006 Newkirk Dr,LA JOLLA,CA,32.825021,-117.268232,0.877176444,1955,1/20/2019,-139820,,,2005705,1/21/2019,16854818,https://www.zillow.com/homedetails/1006-Newkirk-Dr-La-Jolla-CA-92037/16854818_zpid/
Condominium,2,2,1348,30866,"$1,795,000 ",333 Coast Blvd UNIT 9,LA JOLLA,CA,32.841315,-117.280688,0.066944201,1986,1/20/2019,-72555,7/27/2017,1400000,1670178,1/21/2019,16848588,https://www.zillow.com/homedetails/333-Coast-Blvd-UNIT-9-La-Jolla-CA-92037/16848588_zpid/
SingleFamily,3,3,2469,3998,"$1,798,000 ",7090 Caminito La Benera,LA JOLLA,CA,32.836987,-117.25171,1.124909147,1977,1/20/2019,-35932,8/25/2008,1468000,1735472,1/21/2019,83122212,https://www.zillow.com/homedetails/7090-Caminito-La-Benera-La-Jolla-CA-92037/83122212_zpid/
SingleFamily,3,3,1548,3998,"$1,849,000 ",8018 La Jolla Shores Dr,La Jolla,CA,32.852699,-117.253964,0.469673796,2018,1/20/2019,-50322,,,1821715,1/21/2019,2088006073,https://www.zillow.com/homedetails/8018-La-Jolla-Shores-Dr-La-Jolla-CA-92037/2088006073_zpid/
SingleFamily,4,3,2076,3998,"$1,850,000 ",6658 Draper Ave,LA JOLLA,CA,32.829521,-117.273443,0.478158404,1999,1/20/2019,-40682,7/18/2014,1285000,1810554,1/21/2019,16850420,https://www.zillow.com/homedetails/6658-Draper-Ave-La-Jolla-CA-92037/16850420_zpid/
SingleFamily,4,6,3303,10572,"$1,899,000 ",2518 Caminito La Paz,LA JOLLA,CA,32.846818,-117.245767,1.001512655,1972,1/20/2019,9652,11/15/2017,1570000,1818860,1/21/2019,16839631,https://www.zillow.com/homedetails/2518-Caminito-La-Paz-La-Jolla-CA-92037/16839631_zpid/
Condominium,3,4,2287,7501,"$1,950,000 ",1225 Roslyn Ln,LA JOLLA,CA,32.848228,-117.271731,0.163893484,1965,1/20/2019,41771,8/18/1998,315000,2061983,1/21/2019,16847996,https://www.zillow.com/homedetails/1225-Roslyn-Ln-La-Jolla-CA-92037/16847996_zpid/
SingleFamily,3,2,2125,10890,"$1,965,000 ",926 La Jolla Rancho Rd,LA JOLLA,CA,32.820321,-117.264486,1.238003404,1972,1/20/2019,-24301,11/30/1999,770000,1917745,1/21/2019,16855327,https://www.zillow.com/homedetails/926-La-Jolla-Rancho-Rd-La-Jolla-CA-92037/16855327_zpid/
SingleFamily,2,4,1588,21780,"$1,995,000 ",7595 Hillside Dr,LA JOLLA,CA,32.845832,-117.256209,0.522292588,1953,1/20/2019,,3/27/2015,1000000,2038320,1/21/2019,16851373,https://www.zillow.com/homedetails/7595-Hillside-Dr-La-Jolla-CA-92037/16851373_zpid/
VacantResidentialLand,,,,34412,"$1,995,000 ",7595 Hillside Dr LOT 0,La Jolla,CA,32.845807,-117.256103,0.528504485,,1/1/1970,,,,,1/21/2019,2088946995,https://www.zillow.com/homedetails/7595-Hillside-Dr-LOT-0-La-Jolla-CA-92037/2088946995_zpid/
SingleFamily,2,2,1920,7501,"$1,995,000 ",7570 Caminito Avola,LA JOLLA,CA,32.846534,-117.254658,0.558345909,1970,1/20/2019,-6350,9/19/2005,1561000,1908738,1/21/2019,52514269,https://www.zillow.com/homedetails/7570-Caminito-Avola-La-Jolla-CA-92037/52514269_zpid/
SingleFamily,4,4,3379,5662,"$1,998,000 ",778 La Canada St,LA JOLLA,CA,32.821916,-117.267573,1.028862995,1990,1/20/2019,6990,6/5/1996,805000,2522825,1/21/2019,16854794,https://www.zillow.com/homedetails/778-La-Canada-St-La-Jolla-CA-92037/16854794_zpid/
SingleFamily,3,4,1763,3998,"$1,998,800 ",8014 La Jolla Shores Dr,La Jolla,CA,32.852671,-117.253966,0.469299411,2018,1/20/2019,-92096,,,1913742,1/21/2019,2087521785,https://www.zillow.com/homedetails/8014-La-Jolla-Shores-Dr-La-Jolla-CA-92037/2087521785_zpid/
SingleFamily,3,4,2678,,"$1,999,000 ",758 Bonair St,La Jolla,CA,32.831609,-117.272523,0.518241549,2015,1/20/2019,-41542,5/8/2015,1675000,2051727,1/21/2019,145640921,https://www.zillow.com/homedetails/758-Bonair-St-La-Jolla-CA-92037/145640921_zpid/
SingleFamily,4,3,2276,10890,"$1,999,999 ",5403 Beaumont Ave,LA JOLLA,CA,32.811841,-117.264285,1.667149895,1904,1/20/2019,-28041,,,1976026,1/21/2019,16856176,https://www.zillow.com/homedetails/5403-Beaumont-Ave-La-Jolla-CA-92037/16856176_zpid/
SingleFamily,4,4,2420,10890,"$1,999,999 ",1713 Calle De Andluca,LA JOLLA,CA,32.820805,-117.245329,2.215891997,1975,1/20/2019,47886,7/20/2018,1614744,1738404,1/21/2019,16857915,https://www.zillow.com/homedetails/1713-Calle-De-Andluca-La-Jolla-CA-92037/16857915_zpid/
SingleFamily,5,3,3859,9147,"$2,098,000 ",5590 Coral Reef Ave,LA JOLLA,CA,32.820005,-117.237809,2.546694873,1991,1/20/2019,-610,,,2050890,1/21/2019,16857554,https://www.zillow.com/homedetails/5590-Coral-Reef-Ave-La-Jolla-CA-92037/16857554_zpid/
SingleFamily,4,4,3324,19998,"$2,099,000 ",1604 El Paso Real,LA JOLLA,CA,32.830765,-117.258738,1.318136414,1972,1/20/2019,-129011,9/19/2018,1700000,2131172,1/21/2019,16851386,https://www.zillow.com/homedetails/1604-El-Paso-Real-La-Jolla-CA-92037/16851386_zpid/
SingleFamily,3,2,1429,7501,"$2,125,000 ",552 Rushville St,LA JOLLA,CA,32.834896,-117.276347,0.30570942,1928,1/20/2019,49282,6/30/2017,1795000,1922938,1/21/2019,16849498,https://www.zillow.com/homedetails/552-Rushville-St-La-Jolla-CA-92037/16849498_zpid/
SingleFamily,6,4,3225,7501,"$2,150,000 ",930 Archer St,SAN DIEGO,CA,32.811304,-117.257476,1.955453886,2014,1/20/2019,-14875,7/21/2014,1665000,2146835,1/21/2019,16907744,https://www.zillow.com/homedetails/930-Archer-St-San-Diego-CA-92109/16907744_zpid/
Condominium,2,2,1245,12792,"$2,150,000 ",2120 Vallecitos UNIT 104,LA JOLLA,CA,32.855373,-117.256919,0.384895339,1990,1/20/2019,-7893,8/25/2000,599500,1366562,1/21/2019,52513882,https://www.zillow.com/homedetails/2120-Vallecitos-UNIT-104-La-Jolla-CA-92037/52513882_zpid/
SingleFamily,3,4,2200,40075,"$2,150,000 ",7901 Avenida Kirjah,LA JOLLA,CA,32.849863,-117.237242,1.442047256,1977,1/20/2019,-18593,6/26/2017,1550000,1644986,1/21/2019,16841827,https://www.zillow.com/homedetails/7901-Avenida-Kirjah-La-Jolla-CA-92037/16841827_zpid/
SingleFamily,4,3,2350,3998,"$2,195,000 ",7164 Eads Ave,LA JOLLA,CA,32.835749,-117.273921,0.446917989,2002,1/20/2019,-76460,7/26/2004,1190000,2084193,1/21/2019,59310453,https://www.zillow.com/homedetails/7164-Eads-Ave-La-Jolla-CA-92037/59310453_zpid/
Townhouse,3,3,2000,,"$2,195,000 ",654 Rosemont St,La Jolla,CA,32.828645,-117.273162,0.511545163,2015,1/20/2019,-22201,7/28/2016,11373,1859179,1/21/2019,2098505967,https://www.zillow.com/homedetails/654-Rosemont-St-La-Jolla-CA-92037/2098505967_zpid/
Townhouse,3,3,2000,,"$2,195,000 ",656 Draper Ave,La Jolla,CA,32.870044,-117.249522,1.454829468,2015,1/20/2019,-1704,,,1084771,1/21/2019,2087528197,https://www.zillow.com/homedetails/656-Draper-Ave-La-Jolla-CA-92037/2087528197_zpid/
SingleFamily,3,2,1820,8297,"$2,197,500 ",765 Genter St,LA JOLLA,CA,32.836638,-117.274116,0.439648133,1939,1/20/2019,37148,,,1765802,1/21/2019,16849548,https://www.zillow.com/homedetails/765-Genter-St-La-Jolla-CA-92037/16849548_zpid/
Townhouse,3,3,2298,281872,"$2,199,000 ",7851 Caminito El Rosario,LA JOLLA,CA,32.850481,-117.248756,0.772804572,1973,1/20/2019,318902,10/31/2017,1085000,1847953,1/21/2019,16839614,https://www.zillow.com/homedetails/7851-Caminito-El-Rosario-La-Jolla-CA-92037/16839614_zpid/
SingleFamily,4,4,2973,12400,"$2,249,000 ",5701 Skylark Pl,LA JOLLA,CA,32.818534,-117.261914,1.431662087,2001,1/20/2019,82343,4/18/2018,2150000,2333097,1/21/2019,16855563,https://www.zillow.com/homedetails/5701-Skylark-Pl-La-Jolla-CA-92037/16855563_zpid/
SingleFamily,4,3,3409,12900,"$2,249,000 ",2875 Sugarman Way,LA JOLLA,CA,32.862447,-117.241256,1.410971819,1990,1/20/2019,-14290,8/19/2016,2125000,2408294,1/21/2019,16839894,https://www.zillow.com/homedetails/2875-Sugarman-Way-La-Jolla-CA-92037/16839894_zpid/
SingleFamily,6,5,2840,7501,"$2,250,000 ",5250 La Jolla Blvd,LA JOLLA,CA,32.808005,-117.263441,1.912718061,2010,1/20/2019,20053,,,2519607,1/21/2019,16907584,https://www.zillow.com/homedetails/5250-La-Jolla-Blvd-La-Jolla-CA-92037/16907584_zpid/
SingleFamily,4,3,2665,10890,"$2,250,000 ",6729 Avenida Andorra,LA JOLLA,CA,32.833367,-117.252327,1.308379839,1969,1/20/2019,-40967,12/9/1997,720000,2154758,1/21/2019,16851981,https://www.zillow.com/homedetails/6729-Avenida-Andorra-La-Jolla-CA-92037/16851981_zpid/
SingleFamily,4,3,3097,7501,"$2,250,000 ",7355 Caminito Bassano E,LA JOLLA,CA,32.84167,-117.254882,0.760850379,1980,1/20/2019,-23964,8/14/1984,482500,2168247,1/21/2019,16852240,https://www.zillow.com/homedetails/7355-Caminito-Bassano-E-La-Jolla-CA-92037/16852240_zpid/
SingleFamily,3,2,1702,135289,"$949,000 ",2460 Azure Coast Dr,LA JOLLA,CA,32.850079,-117.24973,0.720666614,1977,1/20/2019,151052,,,1293010,1/21/2019,16851353,https://www.zillow.com/homedetails/2460-Azure-Coast-Dr-La-Jolla-CA-92037/16851353_zpid/
SingleFamily,3,3,3000,325393,"$2,275,000 ",6698 Caminito Hermitage,LA JOLLA,CA,32.837714,-117.24168,1.527280984,1978,1/20/2019,2552,3/29/2016,1850000,2149089,1/21/2019,16852574,https://www.zillow.com/homedetails/6698-Caminito-Hermitage-La-Jolla-CA-92037/16852574_zpid/
Condominium,3,2,1271,,"$2,280,000 ",245 Prospect St UNIT 3,LA JOLLA,CA,32.840262,-117.280047,0.123866002,1982,1/20/2019,-11909,6/17/2011,1300000,2171167,1/21/2019,16848619,https://www.zillow.com/homedetails/245-Prospect-St-UNIT-3-La-Jolla-CA-92037/16848619_zpid/
SingleFamily,3,2,1280,7501,"$2,295,000 ",5641 Chelsea Ave,LA JOLLA,CA,32.81454,-117.270779,1.306371607,1944,1/20/2019,35320,,,1925950,1/21/2019,16855639,https://www.zillow.com/homedetails/5641-Chelsea-Ave-La-Jolla-CA-92037/16855639_zpid/
SingleFamily,4,3,2942,10890,"$2,295,000 ",6275 Cardeno Dr,LA JOLLA,CA,32.829411,-117.246824,1.713019531,1985,1/20/2019,-1910,12/21/2015,1650000,2059939,1/21/2019,16857665,https://www.zillow.com/homedetails/6275-Cardeno-Dr-La-Jolla-CA-92037/16857665_zpid/
SingleFamily,3,3,1870,2500,"$2,295,000 ",253 Kolmar St,La Jolla,CA,32.827779,-117.278642,0.28614906,2018,1/20/2019,-45012,,,2377207,1/21/2019,2087173857,https://www.zillow.com/homedetails/253-Kolmar-St-La-Jolla-CA-92037/2087173857_zpid/
VacantResidentialLand,,,,33541,"$2,350,000 ",2072 Via Casa Alta LOT 15,La Jolla,CA,32.839933,-117.251004,1.007043737,,1/1/1970,,,,,1/21/2019,2087132714,https://www.zillow.com/homedetails/2072-Via-Casa-Alta-LOT-15-La-Jolla-CA-92037/2087132714_zpid/
SingleFamilySingleFamilySingleFamilySingleFamily,3,3,3534,1.4549E+19,"$2,395,000 ",7224 Carrizo Dr 7224 Carrizo Dr 7224 Carrizo Dr 7224 Carrizo Dr,LA JOLLA La Jolla La Jolla La Jolla,CA CA CA CA,32.83919832,-117.259738,0.757095507,1951,01/20/201901/01/197001/01/197001/01/1970,-244139,6/5/2008,1350000,3109437,1/21/2019,1.68515E+31,https://www.zillow.com/homedetails/7224-Carrizo-Dr-La-Jolla-CA-92037/16851547_zpid/https://www.zillow.com/homedetails/7224-Carrizo-Dr-La-Jolla-CA-92037/99538679_zpid/https://www.zillow.com/homedetails/7224-Carrizo-Dr-La-Jolla-CA-92037/99570753_zpid/https://www.zillow.com/homedetails/7224-Carrizo-Dr-La-Jolla-CA-92037/99576270_zpid/
Condominium,3,3,2312,,"$2,398,000 ",7603 Draper Ave,La Jolla,CA,32.841424,-117.276475,0.265087586,2017,1/20/2019,49233,,,2246414,1/21/2019,250193800,https://www.zillow.com/homedetails/7603-Draper-Ave-La-Jolla-CA-92037/250193800_zpid/
SingleFamily,4,3,3060,9800,"$2,399,900 ",5711 Skylark Pl,LA JOLLA,CA,32.818784,-117.26186,1.423676138,1959,1/20/2019,-21351,3/26/2015,1450000,2261335,1/21/2019,16855562,https://www.zillow.com/homedetails/5711-Skylark-Pl-La-Jolla-CA-92037/16855562_zpid/
Condominium,2,3,2665,,"$2,425,000 ",464 Prospect St UNIT 608,La Jolla,CA,32.842635,-117.279139,0.110691923,2003,1/20/2019,134233,,,2940581,1/21/2019,2088448945,https://www.zillow.com/homedetails/464-Prospect-St-UNIT-608-La-Jolla-CA-92037/2088448945_zpid/
SingleFamily,3,2,1958,10890,"$2,449,000 ",5331 Calumet Ave,LA JOLLA,CA,32.808802,-117.267773,1.738578352,1957,1/20/2019,-1739,,,2239111,1/21/2019,16907532,https://www.zillow.com/homedetails/5331-Calumet-Ave-La-Jolla-CA-92037/16907532_zpid/
SingleFamily,5,4,3550,20908,"$2,465,000 ",2265 Calle Tiara,LA JOLLA,CA,32.824164,-117.245612,2.05429202,1978,1/20/2019,-11902,3/26/2018,2350000,2367623,1/21/2019,16857787,https://www.zillow.com/homedetails/2265-Calle-Tiara-La-Jolla-CA-92037/16857787_zpid/
SingleFamily,4,4,3204,27442,"$2,495,000 ",5951 La Jolla Mesa Dr,LA JOLLA,CA,32.822583,-117.257229,1.526161624,1967,1/20/2019,-23858,8/28/2008,2325000,2517495,1/21/2019,16856545,https://www.zillow.com/homedetails/5951-La-Jolla-Mesa-Dr-La-Jolla-CA-92037/16856545_zpid/
CondominiumCondominium,22,2.53.0,17011701,,"$2,495,000 ",1020 Prospect St UNIT 203 1020 Prospect St UNIT 203,La Jolla La Jolla,CA CA,32.84797932,-117.274739,0.099877078,20172017,01/20/201901/20/2019,3164870020,,,2.31632E+13,1/21/2019,2.50194E+18,https://www.zillow.com/homedetails/1020-Prospect-St-UNIT-203-La-Jolla-CA-92037/250194187_zpid/https://www.zillow.com/homedetails/1020-Prospect-St-UNIT-203-La-Jolla-CA-92037/2093122983_zpid/
SingleFamily,4,4,3401,35719,"$2,500,000 ",1031 La Jolla Rancho Rd,LA JOLLA,CA,32.819522,-117.262071,1.383585588,1978,1/20/2019,10161,5/25/1994,889000,2568335,1/21/2019,16855379,https://www.zillow.com/homedetails/1031-La-Jolla-Rancho-Rd-La-Jolla-CA-92037/16855379_zpid/
SingleFamily,3,3,3868,7653,"$2,500,000 ",835 La Jolla Corona Ct,LA JOLLA,CA,32.81751,-117.264888,1.347881247,1985,1/20/2019,-19289,12/16/2016,2200000,2439700,1/21/2019,16856385,https://www.zillow.com/homedetails/835-La-Jolla-Corona-Ct-La-Jolla-CA-92037/16856385_zpid/
SingleFamilyCondominium,44,5.05.0,40104010,1089010890,"$2,548,000 ",2380 Almeria Ct 2380 Almeria Ct,La Jolla La Jolla,CA CA,32.82050632,-117.231424,2.759060094,20182018,01/20/201901/20/2019,-46811,,,2.37526E+13,1/21/2019,2.50196E+18,https://www.zillow.com/homedetails/2380-Almeria-Ct-La-Jolla-CA-92037/250195850_zpid/https://www.zillow.com/homedetails/2380-Almeria-Ct-La-Jolla-CA-92037/2088190718_zpid/
SingleFamily,4,3,2578,10890,"$2,550,000 ",6170 Inspiration Way,LA JOLLA,CA,32.824295,-117.265542,1.038556774,1974,1/20/2019,-8368,1/4/2017,2205000,2435444,1/21/2019,16854860,https://www.zillow.com/homedetails/6170-Inspiration-Way-La-Jolla-CA-92037/16854860_zpid/
SingleFamily,3,3.5,3437,16117,$2.57M,7242 Romero Dr,LA JOLLA,CA,32.840196,-117.259516,0.697172676,1993,1/20/2019,-154813,8/13/1995,1100000,2921683,1/21/2019,16851549,https://www.zillow.com/homedetails/7242-Romero-Dr-La-Jolla-CA-92037/16851549_zpid/
SingleFamily,4,3,2760,10890,"$2,595,000 ",2531 Via Viesta,LA JOLLA,CA,32.844492,-117.250775,0.822349795,1971,1/20/2019,-137277,5/15/1991,650000,2353806,1/21/2019,16851439,https://www.zillow.com/homedetails/2531-Via-Viesta-La-Jolla-CA-92037/16851439_zpid/
SingleFamily,4,4,2565,4589,"$2,645,000 ",5621 Beaumont Ave,LA JOLLA,CA,32.814783,-117.267598,1.389584556,2018,1/20/2019,-5992,5/4/2018,2500000,2521689,1/21/2019,16855694,https://www.zillow.com/homedetails/5621-Beaumont-Ave-La-Jolla-CA-92037/16855694_zpid/
SingleFamily,3,2,1650,5324,"$2,650,000 ",8425 Paseo Del Ocaso,LA JOLLA,CA,32.859609,-117.254169,0.706152851,1941,1/20/2019,448,4/25/2016,1680000,2502549,1/21/2019,16838445,https://www.zillow.com/homedetails/8425-Paseo-Del-Ocaso-La-Jolla-CA-92037/16838445_zpid/
SingleFamily,5,4,4145,31498,"$2,695,000 ",1032 Skylark Dr,LA JOLLA,CA,32.817557,-117.261079,1.511480457,1962,1/20/2019,-50837,6/13/2014,1150000,2916773,1/21/2019,16855837,https://www.zillow.com/homedetails/1032-Skylark-Dr-La-Jolla-CA-92037/16855837_zpid/
SingleFamily,3,4,2115,7501,"$2,695,000 ",5606 Dolphin Pl,LA JOLLA,CA,32.814042,-117.271106,1.328095586,1939,1/20/2019,-47592,12/1/2009,1150000,2384038,1/21/2019,16855626,https://www.zillow.com/homedetails/5606-Dolphin-Pl-La-Jolla-CA-92037/16855626_zpid/
SingleFamily,3,3,2344,4791,"$2,698,000 ",5648 Linda Rosa Ave,LA JOLLA,CA,32.815848,-117.264625,1.441072772,2014,1/20/2019,-180357,5/1/2015,2500000,2912513,1/21/2019,16855774,https://www.zillow.com/homedetails/5648-Linda-Rosa-Ave-La-Jolla-CA-92037/16855774_zpid/
SingleFamily,4,5,3096,4591,"$2,698,000 ",374 Bonair St,LA JOLLA,CA,32.830815,-117.278134,0.193411806,2004,1/20/2019,-22721,5/12/2017,2455000,2625482,1/21/2019,63519658,https://www.zillow.com/homedetails/374-Bonair-St-La-Jolla-CA-92037/63519658_zpid/
SingleFamily,3,3,2515,7501,"$2,750,000 ",1299 Virginia Way,LA JOLLA,CA,32.843859,-117.268839,0.376701194,1929,1/20/2019,-22569,12/31/2007,2012000,2607696,1/21/2019,16848753,https://www.zillow.com/homedetails/1299-Virginia-Way-La-Jolla-CA-92037/16848753_zpid/
VacantResidentialLand,,,,10890,"$2,795,000 ",6389 Castejon Dr LOT 86,La Jolla,CA,32.832544,-117.249273,1.454286819,,1/1/1970,,,,,1/21/2019,2086933775,https://www.zillow.com/homedetails/6389-Castejon-Dr-LOT-86-La-Jolla-CA-92037/2086933775_zpid/
SingleFamily,6,6,6608,10890,"$2,795,000 ",6389 Castejon Dr,LA JOLLA,CA,32.832544,-117.249273,1.454286819,2019,1/20/2019,988551,7/2/2018,1760000,4021439,1/21/2019,16851849,https://www.zillow.com/homedetails/6389-Castejon-Dr-La-Jolla-CA-92037/16851849_zpid/
SingleFamily,5,7,4198,9583,"$2,795,000 ",7721 Hillside Dr,LA JOLLA,CA,32.84763,-117.25942,0.299392827,2000,1/20/2019,618918,9/29/2006,1360000,3703516,1/21/2019,16851231,https://www.zillow.com/homedetails/7721-Hillside-Dr-La-Jolla-CA-92037/16851231_zpid/
Condominium,2,3,1779,,"$2,795,000 ",1020 Prospect St,La Jolla,CA,32.847979,-117.274739,0.099887566,2017,1/20/2019,,,,4314217,1/21/2019,2088964437,https://www.zillow.com/homedetails/1020-Prospect-St-La-Jolla-CA-92037/2088964437_zpid/
SingleFamily,4,6,2686,7501,"$2,799,000 ",5543 Waverly Ave,La Jolla,CA,32.813829,-117.265428,1.517605445,,1/20/2019,-315728,5/31/2018,1325000,2499199,1/21/2019,2087868281,https://www.zillow.com/homedetails/5543-Waverly-Ave-La-Jolla-CA-92037/2087868281_zpid/
SingleFamily,4,3,3501,10890,"$2,825,000 ",2915 Woodford Dr,LA JOLLA,CA,32.849165,-117.240783,1.243582367,1971,1/20/2019,843335,11/19/2001,1500000,2962253,1/21/2019,16840088,https://www.zillow.com/homedetails/2915-Woodford-Dr-La-Jolla-CA-92037/16840088_zpid/
SingleFamily,5,3,6059,47916,"$2,839,000 ",8051 La Jolla Scenic Dr N,LA JOLLA,CA,32.852217,-117.238625,1.356036258,1965,1/20/2019,-50675,6/21/2004,2600000,2798059,1/21/2019,16840056,https://www.zillow.com/homedetails/8051-La-Jolla-Scenic-Dr-N-La-Jolla-CA-92037/16840056_zpid/
SingleFamily,3,5,3303,7120,"$2,850,000 ",7363 Eads Ave,LA JOLLA,CA,32.838205,-117.273982,0.453210585,2018,1/20/2019,-9719,6/16/2016,1850000,3283824,1/21/2019,16849245,https://www.zillow.com/homedetails/7363-Eads-Ave-La-Jolla-CA-92037/16849245_zpid/
SingleFamily,5,6,3777,7501,"$2,890,000 ",1526 Bluebird Ln,LA JOLLA,CA,32.847394,-117.266618,0.122334665,1999,1/20/2019,-55261,7/20/2005,2430000,2971316,1/21/2019,16848082,https://www.zillow.com/homedetails/1526-Bluebird-Ln-La-Jolla-CA-92037/16848082_zpid/
SingleFamilyVacantResidentialLand,5,4,3446,2439310454,"$2,900,000 ",1191 Avenida Amantea 1191 Avenida Amantea,LA JOLLA LA JOLLA,CA CA,32.81925932,-117.25991,1.497271372,1990,01/20/201901/01/1970,271818,03/18/201403/18/2014,1.695E+12,2933042,1/21/2019,1.68556E+15,https://www.zillow.com/homedetails/1191-Avenida-Amantea-La-Jolla-CA-92037/16855587_zpid/https://www.zillow.com/homedetails/1191-Avenida-Amantea-La-Jolla-CA-92037/99459138_zpid/
SingleFamily,4,5,4182,9583,"$2,950,000 ",1951 Bahia Way,LA JOLLA,CA,32.81863,-117.239839,2.556806825,2015,1/20/2019,24517,10/28/2013,1575000,2523561,1/21/2019,16857165,https://www.zillow.com/homedetails/1951-Bahia-Way-La-Jolla-CA-92037/16857165_zpid/
SingleFamily,4,4,4337,19214,"$2,950,000 ",7770 Starlight Dr,LA JOLLA,CA,32.850139,-117.243149,1.09892091,1970,1/20/2019,-159145,,,3003505,1/21/2019,16839761,https://www.zillow.com/homedetails/7770-Starlight-Dr-La-Jolla-CA-92037/16839761_zpid/
SingleFamily,7,10,12940,37026,"$2,995,000 ",1247 Inspiration Dr,LA JOLLA,CA,32.824682,-117.264613,1.07530878,2018,1/20/2019,17329,5/16/2017,2475000,8436108,1/21/2019,16854876,https://www.zillow.com/homedetails/1247-Inspiration-Dr-La-Jolla-CA-92037/16854876_zpid/
VacantResidentialLand,,,,20037,"$2,995,000 ",1136 Muirlands Dr LOT 19,La Jolla,CA,32.826963,-117.265979,0.943763626,,1/1/1970,,,,,1/21/2019,2088576004,https://www.zillow.com/homedetails/1136-Muirlands-Dr-LOT-19-La-Jolla-CA-92037/2088576004_zpid/
SingleFamily,5,7,4419,10890,"$2,995,000 ",7096 Caminito Valverde,LA JOLLA,CA,32.837235,-117.255628,0.98073621,1995,1/20/2019,-33480,6/10/2014,2253500,2927240,1/21/2019,16852131,https://www.zillow.com/homedetails/7096-Caminito-Valverde-La-Jolla-CA-92037/16852131_zpid/
VacantResidentialLand,,,,20037,"$2,995,000 ",1136 Muirlands Dr,LA JOLLA,CA,32.826963,-117.265979,0.943763626,,1/1/1970,,4/2/2018,7400000,,1/21/2019,99466775,https://www.zillow.com/homedetails/1136-Muirlands-Dr-La-Jolla-CA-92037/99466775_zpid/
SingleFamily,4,5,3719,11401,"$2,995,000 ",1246 Virginia Way,LA JOLLA,CA,32.843764,-117.269892,0.389076596,1985,1/20/2019,-184273,2/20/2013,1790000,2978418,1/21/2019,16848384,https://www.zillow.com/homedetails/1246-Virginia-Way-La-Jolla-CA-92037/16848384_zpid/
SingleFamily,4,4,2556,13100,"$2,995,000 ",7370 Rue Michael,LA JOLLA,CA,32.843404,-117.251622,0.834281183,1973,1/20/2019,-30259,3/18/2005,2000000,2128941,1/21/2019,16851631,https://www.zillow.com/homedetails/7370-Rue-Michael-La-Jolla-CA-92037/16851631_zpid/
SingleFamily,4,4,3588,10890,"$2,998,000 ",1034 Havenhurst Dr,LA JOLLA,CA,32.824382,-117.267173,0.952415981,2008,1/20/2019,24933,,,3062678,1/21/2019,16854844,https://www.zillow.com/homedetails/1034-Havenhurst-Dr-La-Jolla-CA-92037/16854844_zpid/
SingleFamily,4,4,2750,7501,"$3,095,000 ",8384 La Jolla Shores Dr,LA JOLLA,CA,32.858908,-117.253858,0.682091355,1990,1/20/2019,-89330,8/2/2002,912000,3050397,1/21/2019,16838623,https://www.zillow.com/homedetails/8384-La-Jolla-Shores-Dr-La-Jolla-CA-92037/16838623_zpid/
SingleFamily,4,4,3127,5300,"$3,149,000 ",9455 Poole St,LA JOLLA,CA,32.871688,-117.244242,1.718524792,2017,1/20/2019,573122,12/20/2017,2650000,2654245,1/21/2019,16834949,https://www.zillow.com/homedetails/9455-Poole-St-La-Jolla-CA-92037/16834949_zpid/
VacantResidentialLand,0,,,59677,"$3,195,000 ",6083 La Jolla Scenic Dr S,LA JOLLA,CA,32.825218,-117.25271,1.718157103,,1/1/1970,,6/30/2017,2025000,,1/21/2019,16856478,https://www.zillow.com/homedetails/6083-La-Jolla-Scenic-Dr-S-La-Jolla-CA-92037/16856478_zpid/
SingleFamily,4,4,3250,7405,"$3,195,000 ",7154 Eads Ave,La Jolla,CA,32.83614,-117.27378,0.456288268,1930,1/20/2019,140892,,,3030027,1/21/2019,2088716746,https://www.zillow.com/homedetails/7154-Eads-Ave-La-Jolla-CA-92037/2088716746_zpid/
VacantResidentialLand,,,,59677,"$3,195,000 ",6083 La Jolla Scenic Dr S LOT S,La Jolla,CA,32.825218,-117.25271,1.718157103,,1/1/1970,,,,,1/21/2019,2086806973,https://www.zillow.com/homedetails/6083-La-Jolla-Scenic-Dr-S-LOT-S-La-Jolla-CA-92037/2086806973_zpid/
SingleFamily,3,4,3000,21780,"$3,200,000 ",8030 El Paseo Grande,LA JOLLA,CA,32.853327,-117.256088,0.358450879,1991,1/20/2019,274140,11/5/2009,1790000,3309718,1/21/2019,16839018,https://www.zillow.com/homedetails/8030-El-Paseo-Grande-La-Jolla-CA-92037/16839018_zpid/
SingleFamily,5,4,3460,18299,"$3,275,000 ",5341 Chelsea St,LA JOLLA,CA,32.809723,-117.266018,1.732591877,2008,1/20/2019,-22764,6/26/2013,2320000,3240018,1/21/2019,16907566,https://www.zillow.com/homedetails/5341-Chelsea-St-La-Jolla-CA-92037/16907566_zpid/
SingleFamily,6,5,4757,3998,"$3,295,000 ",331 Playa Del Norte,LA JOLLA,CA,32.829541,-117.278433,0.208276226,2005,1/20/2019,-82529,7/26/2012,1940000,4287892,1/21/2019,61239759,https://www.zillow.com/homedetails/331-Playa-Del-Norte-La-Jolla-CA-92037/61239759_zpid/
Condominium,3,3,2075,11325,"$3,295,000 ",203 Rosemont St,LA JOLLA,CA,32.826796,-117.279386,0.32615582,1960,1/20/2019,-101048,5/12/2005,1240000,2637994,1/21/2019,16850332,https://www.zillow.com/homedetails/203-Rosemont-St-La-Jolla-CA-92037/16850332_zpid/
SingleFamily,3,3,2971,5662,"$3,295,000 ",5663 Chelsea Ave,LA JOLLA,CA,32.814996,-117.271059,1.27092021,1970,1/20/2019,-86810,7/27/2015,1800000,2761755,1/21/2019,16855636,https://www.zillow.com/homedetails/5663-Chelsea-Ave-La-Jolla-CA-92037/16855636_zpid/
SingleFamily,4,5,3670,2282,"$3,295,000 ",342 Playa Del Sur,La Jolla,CA,32.829619,-117.278179,0.218031048,2005,1/20/2019,-14003,6/9/2009,2100000,3289300,1/21/2019,61239761,https://www.zillow.com/homedetails/342-Playa-Del-Sur-La-Jolla-CA-92037/61239761_zpid/
VacantResidentialLand,,,,11761,"$3,295,000 ",6947 Country Club Dr LOT 5,La Jolla,CA,32.836447,-117.260505,0.927739318,,1/1/1970,,,,,1/21/2019,2087067839,https://www.zillow.com/homedetails/6947-Country-Club-Dr-LOT-5-La-Jolla-CA-92037/2087067839_zpid/
VacantResidentialLand,3,,1954,11761,"$3,295,000 ",6947 Country Club Dr,LA JOLLA,CA,32.836447,-117.260505,0.927739318,1945,1/1/1970,,8/17/2018,4150000,,1/21/2019,16851582,https://www.zillow.com/homedetails/6947-Country-Club-Dr-La-Jolla-CA-92037/16851582_zpid/
VacantResidentialLand,,,,7405,"$3,300,000 ",1271 Cave St LOT 51/27,La Jolla,CA,32.847898,-117.270578,0.144878287,,1/1/1970,,,,,1/21/2019,2088947267,https://www.zillow.com/homedetails/1271-Cave-St-LOT-51-27-La-Jolla-CA-92037/2088947267_zpid/
VacantResidentialLand,2,,909,7405,"$3,300,000 ",1271 Cave St,LA JOLLA,CA,32.847898,-117.270578,0.144878287,2010,1/1/1970,,,,,1/21/2019,16848019,https://www.zillow.com/homedetails/1271-Cave-St-La-Jolla-CA-92037/16848019_zpid/
SingleFamily,5,5,5080,10890,"$3,350,000 ",7695 Hillside Dr,LA JOLLA,CA,32.846688,-117.259092,0.348773063,2003,1/20/2019,-18701,5/16/2016,2900000,3340253,1/21/2019,16851264,https://www.zillow.com/homedetails/7695-Hillside-Dr-La-Jolla-CA-92037/16851264_zpid/
SingleFamily,5,6,4554,21780,"$3,450,000 ",5931 Citadel Cir,LA JOLLA,CA,32.823822,-117.255923,1.566376306,1961,1/20/2019,-108621,7/24/2002,2300000,3381325,1/21/2019,16856564,https://www.zillow.com/homedetails/5931-Citadel-Cir-La-Jolla-CA-92037/16856564_zpid/
SingleFamily,4,3,3744,6242,"$3,485,000 ",2312 Camino Del Collado,LA JOLLA,CA,32.861779,-117.252859,0.87075257,1990,1/20/2019,-127501,3/11/2005,2200000,3513242,1/21/2019,16838508,https://www.zillow.com/homedetails/2312-Camino-Del-Collado-La-Jolla-CA-92037/16838508_zpid/
SingleFamily,5,6,4028,29098,"$3,488,000 ",6151 La Pintura Dr,LA JOLLA,CA,32.826756,-117.250858,1.75066612,,1/20/2019,-4835,3/23/2016,50000,3387541,1/21/2019,16856498,https://www.zillow.com/homedetails/6151-La-Pintura-Dr-La-Jolla-CA-92037/16856498_zpid/
SingleFamily,5,5,4210,21780,"$3,495,000 ",6741 Avenida Manana,LA JOLLA,CA,32.832136,-117.266251,0.884004434,1991,1/20/2019,-25628,12/20/1996,825000,3444194,1/21/2019,16850245,https://www.zillow.com/homedetails/6741-Avenida-Manana-La-Jolla-CA-92037/16850245_zpid/
SingleFamily,5,3,2232,7501,"$3,499,000 ",8418 Paseo Del Ocaso,LA JOLLA,CA,32.859426,-117.254691,0.677173649,1980,1/20/2019,-146984,9/2/2011,2600000,3089013,1/21/2019,16838434,https://www.zillow.com/homedetails/8418-Paseo-Del-Ocaso-La-Jolla-CA-92037/16838434_zpid/
SingleFamily,6,6.5,5950,10340,"$3,500,000 ",946 Havenhurst Dr,LA JOLLA,CA,32.824182,-117.268315,0.902701851,1983,1/20/2019,-190377,,,4046451,1/21/2019,16854826,https://www.zillow.com/homedetails/946-Havenhurst-Dr-La-Jolla-CA-92037/16854826_zpid/
SingleFamily,3,3,1645,7501,"$3,500,000 ",2049 Paseo Dorado,LA JOLLA,CA,32.852373,-117.256562,0.317210904,1948,1/20/2019,-56658,2/9/1999,720000,3067292,1/21/2019,16839228,https://www.zillow.com/homedetails/2049-Paseo-Dorado-La-Jolla-CA-92037/16839228_zpid/
Condominium,2,2,2680,,"$3,550,000 ",939 Coast Blvd UNIT 14A,LA JOLLA,CA,32.847897,-117.276197,0.044585655,1966,1/20/2019,327027,12/18/1995,1050000,3712412,1/21/2019,16847748,https://www.zillow.com/homedetails/939-Coast-Blvd-UNIT-14A-La-Jolla-CA-92037/16847748_zpid/
SingleFamily,4,5,3174,10030,"$3,550,000 ",1730 Valdes Dr,LA JOLLA,CA,32.845108,-117.260839,0.35844884,1990,1/20/2019,150713,10/17/2017,2650000,2929681,1/21/2019,16848833,https://www.zillow.com/homedetails/1730-Valdes-Dr-La-Jolla-CA-92037/16848833_zpid/
SingleFamily,5,3,3095,17359,"$3,595,000 ",7770 Sierra Mar Dr,LA JOLLA,CA,32.847932,-117.261808,0.171078752,1921,1/20/2019,-16901,12/17/2013,2600000,3267214,1/21/2019,16848276,https://www.zillow.com/homedetails/7770-Sierra-Mar-Dr-La-Jolla-CA-92037/16848276_zpid/
SingleFamily,6,8,6353,21780,"$3,650,000 ",6364 La Pintura Dr,LA JOLLA,CA,32.830426,-117.252893,1.470948346,1990,1/20/2019,88247,9/23/2015,3560000,4135434,1/21/2019,16851805,https://www.zillow.com/homedetails/6364-La-Pintura-Dr-La-Jolla-CA-92037/16851805_zpid/
SingleFamily,5,7,4880,10890,"$3,685,000 ",5594 Soledad Rd,LA JOLLA,CA,32.82059,-117.241064,2.404617079,2018,1/20/2019,-47733,8/5/2015,1500000,3378256,1/21/2019,16856734,https://www.zillow.com/homedetails/5594-Soledad-Rd-La-Jolla-CA-92037/16856734_zpid/
SingleFamily,6,7,6182,10454,"$3,695,000 ",934 La Jolla Rancho Rd,LA JOLLA,CA,32.820203,-117.26425,1.253845092,2018,1/20/2019,49755,,,4742418,1/21/2019,16855328,https://www.zillow.com/homedetails/934-La-Jolla-Rancho-Rd-La-Jolla-CA-92037/16855328_zpid/
SingleFamily,3,4,3440,10890,"$3,695,000 ",2006 Olite Ct,La Jolla,CA,32.83045,-117.252112,1.490001231,1995,1/20/2019,-85318,5/11/2017,2500000,2758082,1/21/2019,16851817,https://www.zillow.com/homedetails/2006-Olite-Ct-La-Jolla-CA-92037/16851817_zpid/
SingleFamily,5,6,4276,26571,"$3,750,000 ",9525 La Jolla Farms Rd,LA JOLLA,CA,32.876922,-117.244265,2.019059158,1983,1/20/2019,-13527,5/9/1997,845000,3590780,1/21/2019,16834469,https://www.zillow.com/homedetails/9525-La-Jolla-Farms-Rd-La-Jolla-CA-92037/16834469_zpid/
SingleFamily,5,5,4620,10890,"$3,799,000 ",5943 Folsom Dr,LA JOLLA,CA,32.820711,-117.268758,1.032567434,2003,1/20/2019,-122023,8/16/2007,2600000,3734032,1/21/2019,52514337,https://www.zillow.com/homedetails/5943-Folsom-Dr-La-Jolla-CA-92037/52514337_zpid/
Condominium,3,3,2900,36755,"$3,850,000 ",939 Coast Blvd UNIT 7A,LA JOLLA,CA,32.847897,-117.276197,0.044585655,1966,1/20/2019,-170505,11/4/2013,3500000,3839179,1/21/2019,16847697,https://www.zillow.com/homedetails/939-Coast-Blvd-UNIT-7A-La-Jolla-CA-92037/16847697_zpid/
SingleFamily,4,6,3856,7840,"$3,875,000 ",1224 Virginia Way,LA JOLLA,CA,32.843505,-117.270113,0.409033062,2018,1/20/2019,13102,6/29/2018,2950000,3804571,1/21/2019,16848382,https://www.zillow.com/homedetails/1224-Virginia-Way-La-Jolla-CA-92037/16848382_zpid/
SingleFamily,4,5,4106,11383,"$3,880,000 ",7480 Country Club Dr,LA JOLLA,CA,32.842154,-117.264144,0.49789423,1985,1/20/2019,58591,,,3681936,1/21/2019,16849121,https://www.zillow.com/homedetails/7480-Country-Club-Dr-La-Jolla-CA-92037/16849121_zpid/
SingleFamily,5,5,3615,7501,"$3,895,000 ",1208 Virginia Way,LA JOLLA,CA,32.843203,-117.27028,0.43142916,2018,1/20/2019,76603,1/17/2017,1535000,3841278,1/21/2019,16848380,https://www.zillow.com/homedetails/1208-Virginia-Way-La-Jolla-CA-92037/16848380_zpid/
SingleFamily,4,4,3769,5492,"$3,895,000 ",8360 La Jolla Shores Dr,LA JOLLA,CA,32.858489,-117.253886,0.660314224,2013,1/20/2019,-37059,4/30/1999,525000,3727509,1/21/2019,16838622,https://www.zillow.com/homedetails/8360-La-Jolla-Shores-Dr-La-Jolla-CA-92037/16838622_zpid/
SingleFamily,5,5,2937,10890,"$3,900,000 ",355 Via Del Norte,LA JOLLA,CA,32.822634,-117.27667,0.652798355,1951,1/20/2019,-18254,,,3748491,1/21/2019,16854714,https://www.zillow.com/homedetails/355-Via-Del-Norte-La-Jolla-CA-92037/16854714_zpid/
SingleFamily,5,6,3558,7501,"$3,950,000 ",1876 Little St,La Jolla,CA,32.850054,-117.259416,0.190464082,2006,1/20/2019,,,,3931419,1/21/2019,2087620090,https://www.zillow.com/homedetails/1876-Little-St-La-Jolla-CA-92037/2087620090_zpid/
SingleFamily,6,5,4462,6534,"$3,995,000 ",7228 Eads Ave,La Jolla,CA,32.836433,-117.274142,0.437226098,2018,1/20/2019,167996,,,4031509,1/21/2019,2097495725,https://www.zillow.com/homedetails/7228-Eads-Ave-La-Jolla-CA-92037/2097495725_zpid/
SingleFamily,5,5,5956,10890,"$3,995,000 ",838 Forward St,LA JOLLA,CA,32.815337,-117.263763,1.501008505,2004,1/20/2019,226283,11/20/2014,2950000,4040807,1/21/2019,16856030,https://www.zillow.com/homedetails/838-Forward-St-La-Jolla-CA-92037/16856030_zpid/
SingleFamily,5,8,6847,20538,"$3,995,000 ",1640 El Camino Del Teatro,LA JOLLA,CA,32.82943,-117.258347,1.346030827,1993,1/20/2019,49410,6/20/1997,1475000,5070765,1/21/2019,16851396,https://www.zillow.com/homedetails/1640-El-Camino-Del-Teatro-La-Jolla-CA-92037/16851396_zpid/
SingleFamily,6,9,5761,19602,"$3,995,000 ",6665 Via Estrada,LA JOLLA,CA,32.832312,-117.254895,1.303609726,2003,1/20/2019,195303,9/15/1997,575000,4683235,1/21/2019,16852043,https://www.zillow.com/homedetails/6665-Via-Estrada-La-Jolla-CA-92037/16852043_zpid/
SingleFamily,5,5,3800,7501,"$3,995,000 ",1545 Virginia Way,La Jolla,CA,32.846907,-117.265792,0.156482158,2018,1/20/2019,679046,,,3816800,1/21/2019,99546935,https://www.zillow.com/homedetails/1545-Virginia-Way-La-Jolla-CA-92037/99546935_zpid/
Townhouse,3,2,1800,6938,"$3,997,000 ",939 Coast Blvd UNIT 101,LA JOLLA,CA,32.848193,-117.275946,0.037226098,1997,1/20/2019,-28338,9/12/2018,3650000,1716203,1/21/2019,49942082,https://www.zillow.com/homedetails/939-Coast-Blvd-UNIT-101-La-Jolla-CA-92037/49942082_zpid/
SingleFamily,5,3,2843,10890,"$4,195,000 ",8588 Prestwick Dr,LA JOLLA,CA,32.862901,-117.245226,1.239682595,1971,1/20/2019,737470,10/27/2014,3100000,3793960,1/21/2019,16839821,https://www.zillow.com/homedetails/8588-Prestwick-Dr-La-Jolla-CA-92037/16839821_zpid/
SingleFamily,4,5,3585,7501,"$4,200,000 ",8352 La Jolla Shores Dr,LA JOLLA,CA,32.858353,-117.253892,0.65349515,2019,1/20/2019,1426389,,,3788346,1/21/2019,35971902,https://www.zillow.com/homedetails/8352-La-Jolla-Shores-Dr-La-Jolla-CA-92037/35971902_zpid/
SingleFamily,3,6,4812,71002,"$4,295,000 ",6105 La Jolla Scenic Dr S,LA JOLLA,CA,32.827089,-117.25318,1.664848916,1952,1/20/2019,14510,11/25/2012,4310000,3906439,1/21/2019,16856465,https://www.zillow.com/homedetails/6105-La-Jolla-Scenic-Dr-S-La-Jolla-CA-92037/16856465_zpid/
MultiFamily2To4,0,,3900,14810,"$4,350,000 ",7210 La Jolla Blvd,La Jolla,CA,32.835347,-117.278025,0.209259001,1917,1/20/2019,846667,,,3776199,1/21/2019,2141981427,https://www.zillow.com/homedetails/7210-La-Jolla-Blvd-La-Jolla-CA-92037/2141981427_zpid/
SingleFamily,5,6,4921,7050,"$4,395,000 ",1630 Crespo Dr,LA JOLLA,CA,32.845001,-117.264044,0.31334902,1957,1/20/2019,85451,12/14/2012,3100000,4398897,1/21/2019,16848451,https://www.zillow.com/homedetails/1630-Crespo-Dr-La-Jolla-CA-92037/16848451_zpid/
SingleFamily,5,6,5834,12196,"$4,395,000 ",7124 Country Club Dr,LA JOLLA,CA,32.83811,-117.261215,0.806683337,2003,1/20/2019,14933,12/24/2009,2700000,4783924,1/21/2019,16851573,https://www.zillow.com/homedetails/7124-Country-Club-Dr-La-Jolla-CA-92037/16851573_zpid/
SingleFamily,5,5,6583,10890,"$4,400,000 ",1532 El Camino Del Teatro,LA JOLLA,CA,32.830195,-117.260954,1.191138448,2003,1/20/2019,-153639,5/31/2006,6879000,4758273,1/21/2019,16851726,https://www.zillow.com/homedetails/1532-El-Camino-Del-Teatro-La-Jolla-CA-92037/16851726_zpid/
SingleFamily,4,3,3200,10890,"$4,450,000 ",7146 La Jolla Scenic Dr S,LA JOLLA,CA,32.844488,-117.244931,1.110378516,1998,1/20/2019,-19319,12/1/2014,3500000,4445974,1/21/2019,16852425,https://www.zillow.com/homedetails/7146-La-Jolla-Scenic-Dr-S-La-Jolla-CA-92037/16852425_zpid/
SingleFamily,4,5,4588,7501,"$4,450,000 ",1233 Silverado St,LA JOLLA,CA,32.846623,-117.27066,0.216759446,1987,1/20/2019,-65207,,,4399678,1/21/2019,16848155,https://www.zillow.com/homedetails/1233-Silverado-St-La-Jolla-CA-92037/16848155_zpid/
CondominiumCondominium,22,3.54.0,23702370,,"$4,495,000 ",1020 Prospect St UNIT 102 1020 Prospect St UNIT 102,La Jolla La Jolla,CA CA,32.84797932,-117.274739,0.099877078,20172017,01/20/201901/20/2019,-399366,,,3.99957E+13,1/21/2019,2.50196E+18,https://www.zillow.com/homedetails/1020-Prospect-St-UNIT-102-La-Jolla-CA-92037/250196456_zpid/https://www.zillow.com/homedetails/1020-Prospect-St-UNIT-102-La-Jolla-CA-92037/2091314595_zpid/
SingleFamily,4,5,4651,12200,"$4,500,000 ",5780 Rutgers Rd,LA JOLLA,CA,32.82013,-117.255139,1.707465622,1962,1/20/2019,-108622,5/23/2017,1750000,3830370,1/21/2019,16856626,https://www.zillow.com/homedetails/5780-Rutgers-Rd-La-Jolla-CA-92037/16856626_zpid/
Condominium,2,2,2444,,"$4,500,000 ",939 Coast Blvd UNIT 8A,LA JOLLA,CA,32.847897,-117.276197,0.044585655,1966,1/20/2019,-12179,11/19/2003,2200000,3542987,1/21/2019,16847706,https://www.zillow.com/homedetails/939-Coast-Blvd-UNIT-8A-La-Jolla-CA-92037/16847706_zpid/
SingleFamily,7,10,6900,,"$4,695,000 ",7740 Eads Ave,La Jolla,CA,32.84373,-117.276502,0.166085803,2003,1/20/2019,182094,3/29/2015,1500000,6130414,1/21/2019,2144458336,https://www.zillow.com/homedetails/7740-Eads-Ave-La-Jolla-CA-92037/2144458336_zpid/
SingleFamily,7,5,7654,10890,"$4,750,000 ",5751 Chelsea Ave,LA JOLLA,CA,32.816484,-117.27198,1.155037259,2003,1/20/2019,-268887,11/12/1998,715000,4997274,1/21/2019,16855430,https://www.zillow.com/homedetails/5751-Chelsea-Ave-La-Jolla-CA-92037/16855430_zpid/
SingleFamily,5,6,4215,19166,"$4,750,000 ",7712 Hillside Dr,LA JOLLA,CA,32.847352,-117.259978,0.280553804,1990,1/20/2019,-21820,3/12/2014,3545000,4656302,1/21/2019,16848287,https://www.zillow.com/homedetails/7712-Hillside-Dr-La-Jolla-CA-92037/16848287_zpid/
SingleFamily,3,3,3056,21780,"$4,750,000 ",8258 Prestwick Dr,LA JOLLA,CA,32.856446,-117.247597,0.895112565,1965,1/20/2019,-2727547,,,3069095,1/21/2019,16838860,https://www.zillow.com/homedetails/8258-Prestwick-Dr-La-Jolla-CA-92037/16838860_zpid/
SingleFamily,4,4,4985,39204,"$4,850,000 ",2480 Hidden Valley Rd,LA JOLLA,CA,32.848692,-117.251526,0.643119184,2004,1/20/2019,-21293,,,4590372,1/21/2019,16851314,https://www.zillow.com/homedetails/2480-Hidden-Valley-Rd-La-Jolla-CA-92037/16851314_zpid/
Miscellaneous,3,4,2596,5749,"$4,888,000 ",6611 Neptune Pl,LA JOLLA,CA,32.827292,-117.279502,0.291854395,1981,1/20/2019,,,,4142494,1/21/2019,16850329,https://www.zillow.com/homedetails/6611-Neptune-Pl-La-Jolla-CA-92037/16850329_zpid/
SingleFamily,7,6,5966,10890,"$4,895,000 ",6230 Calle Majorca,LA JOLLA,CA,32.827585,-117.260282,1.253203438,2006,1/20/2019,-192962,2/4/2007,4950000,4933754,1/21/2019,16851760,https://www.zillow.com/homedetails/6230-Calle-Majorca-La-Jolla-CA-92037/16851760_zpid/
SingleFamily,4,4,3732,7501,"$4,900,000 ",8217 El Paseo Grande,LA JOLLA,CA,32.855621,-117.255265,0.471791374,1990,1/20/2019,-192504,,,4712697,1/21/2019,16838794,https://www.zillow.com/homedetails/8217-El-Paseo-Grande-La-Jolla-CA-92037/16838794_zpid/
VacantResidentialLand,,,,73180,"$5,000,000 ",Country Club Dr LOT 10,La Jolla,CA,32.8444,-117.2537,0.697909406,,1/1/1970,,,,,1/21/2019,2086716940,https://www.zillow.com/homedetails/Country-Club-Dr-LOT-10-La-Jolla-CA-92037/2086716940_zpid/
SingleFamily,7,8,6238,21780,"$5,200,000 ",2151 Calle Guaymas,LA JOLLA,CA,32.825623,-117.248079,1.894893304,2002,1/20/2019,-51222,3/29/2011,2850000,4982200,1/21/2019,16857739,https://www.zillow.com/homedetails/2151-Calle-Guaymas-La-Jolla-CA-92037/16857739_zpid/
SingleFamily,3,5,4232,7501,"$5,300,000 ",225 Fern Gln,LA JOLLA,CA,32.833238,-117.280869,0.08099768,2006,1/20/2019,-164152,,,5230915,1/21/2019,72108698,https://www.zillow.com/homedetails/225-Fern-Gln-La-Jolla-CA-92037/72108698_zpid/
SingleFamily,4,2,1983,9147,"$5,400,000 ",411 Sea Ridge Dr,LA JOLLA,CA,32.808225,-117.265757,1.829495357,1956,1/20/2019,304074,,,6409731,1/21/2019,16907601,https://www.zillow.com/homedetails/411-Sea-Ridge-Dr-La-Jolla-CA-92037/16907601_zpid/
SingleFamily,5,7,6246,10890,"$5,500,000 ",7411 Hillside Dr,LA JOLLA,CA,32.844323,-117.255122,0.631273188,1993,1/20/2019,-107910,1/25/2007,5400000,5244935,1/21/2019,16851379,https://www.zillow.com/homedetails/7411-Hillside-Dr-La-Jolla-CA-92037/16851379_zpid/
CondominiumCondominium,22,2.53.0,30643064,,"$5,550,000 ",1020 Prospect St UNIT 202 1020 Prospect St UNIT 202,La Jolla La Jolla,CA CA,32.84797932,-117.274739,0.099877078,20172017,01/20/201901/20/2019,1.95204E+11,,,5.30333E+13,1/21/2019,2.50195E+18,https://www.zillow.com/homedetails/1020-Prospect-St-UNIT-202-La-Jolla-CA-92037/250194512_zpid/https://www.zillow.com/homedetails/1020-Prospect-St-UNIT-202-La-Jolla-CA-92037/2093309310_zpid/
Condominium,2,3,2137,,"$5,695,000 ",1020 Prospect St PH 5,La Jolla,CA,32.847979,-117.274739,0.099887566,2017,1/20/2019,129891,,,6409681,1/21/2019,2088944135,https://www.zillow.com/homedetails/1020-Prospect-St-PH-5-La-Jolla-CA-92037/2088944135_zpid/
SingleFamily,6,5,5949,20473,"$5,850,000 ",925 Havenhurst Dr,LA JOLLA,CA,32.823521,-117.269139,0.889154419,1975,1/20/2019,637670,,,5902313,1/21/2019,16854814,https://www.zillow.com/homedetails/925-Havenhurst-Dr-La-Jolla-CA-92037/16854814_zpid/
SingleFamily,7,5,8962,32670,"$5,950,000 ",9789 Black Gold Rd,LA JOLLA,CA,32.884732,-117.245628,2.46714477,1994,1/20/2019,-246462,9/29/2017,3775000,4333902,1/21/2019,16834413,https://www.zillow.com/homedetails/9789-Black-Gold-Rd-La-Jolla-CA-92037/16834413_zpid/
SingleFamily,6,7,6187,10454,"$5,975,000 ",6604 Muirlands Dr,LA JOLLA,CA,32.832409,-117.261492,1.160951889,2013,1/20/2019,-31871,7/17/2009,2900000,5665105,1/21/2019,112905020,https://www.zillow.com/homedetails/6604-Muirlands-Dr-La-Jolla-CA-92037/112905020_zpid/
SingleFamily,4,5,4800,20037,"$5,999,995 ",1678 Marisma Way,LA JOLLA,CA,32.833323,-117.258291,1.169302595,2005,1/20/2019,-33054,5/21/2015,4550000,5592072,1/21/2019,52514265,https://www.zillow.com/homedetails/1678-Marisma-Way-La-Jolla-CA-92037/52514265_zpid/
SingleFamily,6,8,5101,21780,"$6,000,000 ",7940 Costebelle Way,LA JOLLA,CA,32.852232,-117.244607,1.008949147,2016,1/20/2019,130234,7/14/2011,1350000,5764168,1/21/2019,87616911,https://www.zillow.com/homedetails/7940-Costebelle-Way-La-Jolla-CA-92037/87616911_zpid/
Condominium,3,3,2427,,"$6,395,000 ",1020 Prospect St STE 350,La Jolla,CA,32.847985,-117.274751,0.099077644,2017,1/20/2019,226384,,,6257746,1/21/2019,2095373606,https://www.zillow.com/homedetails/1020-Prospect-St-STE-350-La-Jolla-CA-92037/2095373606_zpid/
SingleFamily,4,5,4647,24829,"$6,475,000 ",8316 Prestwick Dr,LA JOLLA,CA,32.85745,-117.247838,0.909758422,1990,1/20/2019,-21382,10/1/2014,5850000,5914443,1/21/2019,16838670,https://www.zillow.com/homedetails/8316-Prestwick-Dr-La-Jolla-CA-92037/16838670_zpid/
SingleFamily,5,7,6256,10890,"$6,495,000 ",6125 Terryhill Dr,LA JOLLA,CA,32.82331,-117.266423,1.027769933,2016,1/20/2019,-187853,3/4/2005,2000000,6757418,1/21/2019,16855007,https://www.zillow.com/homedetails/6125-Terryhill-Dr-La-Jolla-CA-92037/16855007_zpid/
SingleFamily,6,8,5825,17202,"$6,495,000 ",1977 Paseo Dorado,LA JOLLA,CA,32.851736,-117.259056,0.169750589,2000,1/20/2019,325843,,,6303315,1/21/2019,16839162,https://www.zillow.com/homedetails/1977-Paseo-Dorado-La-Jolla-CA-92037/16839162_zpid/
SingleFamily,6,7,6979,47916,"$6,900,000 ",1090 Solymar Dr,LA JOLLA,CA,32.825834,-117.266395,0.948471405,1974,1/20/2019,-398526,10/30/2009,5125000,6695939,1/21/2019,16851177,https://www.zillow.com/homedetails/1090-Solymar-Dr-La-Jolla-CA-92037/16851177_zpid/
Condominium,3,4,3724,,"$6,995,000 ",353 Coast Blvd,LA JOLLA,CA,32.841952,-117.280859,0.049175626,2010,1/20/2019,222378,3/2/2010,5528000,6622538,1/21/2019,111435037,https://www.zillow.com/homedetails/353-Coast-Blvd-La-Jolla-CA-92037/111435037_zpid/
SingleFamily,5,6,5213,7501,"$6,999,000 ",1257 Silverado St,LA JOLLA,CA,32.846882,-117.270275,0.190154998,2013,1/20/2019,210049,8/15/2006,1500000,6262453,1/21/2019,16848158,https://www.zillow.com/homedetails/1257-Silverado-St-La-Jolla-CA-92037/16848158_zpid/
SingleFamily,4,7,8849,9104,"$7,588,000 ",7750 Lookout Dr,LA JOLLA,CA,32.848495,-117.259332,0.273791522,2017,1/20/2019,-26772,6/5/2002,1175000,7170883,1/21/2019,61677715,https://www.zillow.com/homedetails/7750-Lookout-Dr-La-Jolla-CA-92037/61677715_zpid/
Condominium,2,4,2647,,"$7,595,000 ",1020 Prospect St STE 1,La Jolla,CA,32.847985,-117.274751,0.099077644,2017,1/20/2019,94322,,,5939421,1/21/2019,2089114185,https://www.zillow.com/homedetails/1020-Prospect-St-STE-1-La-Jolla-CA-92037/2089114185_zpid/
SingleFamily,4,8,7611,10890,"$7,900,000 ",7930 Costebelle Way,LA JOLLA,CA,32.851968,-117.244835,0.995309722,2018,1/20/2019,-152838,9/6/2016,1175271,5545210,1/21/2019,87616910,https://www.zillow.com/homedetails/7930-Costebelle-Way-La-Jolla-CA-92037/87616910_zpid/
VacantResidentialLand,,,,48787,"$7,995,000 ",1120 Muirlands Dr LOT LOTS,La Jolla,CA,32.827194,-117.265405,0.970846997,,1/1/1970,,,,,1/21/2019,2087664555,https://www.zillow.com/homedetails/1120-Muirlands-Dr-LOT-LOTS-La-Jolla-CA-92037/2087664555_zpid/
VacantResidentialLand,6,,4854,48787,"$7,995,000 ",1120 Muirlands Dr,LA JOLLA,CA,32.827194,-117.265405,0.970846997,1945,1/1/1970,,4/2/2018,7400000,,1/21/2019,54906529,https://www.zillow.com/homedetails/1120-Muirlands-Dr-La-Jolla-CA-92037/54906529_zpid/
VacantResidentialLand,,,,217800,"$7,995,000 ",7792 Senn Way LOT 1-A,La Jolla,CA,32.843728,-117.248666,0.95206545,,1/1/1970,,,,,1/21/2019,2088947035,https://www.zillow.com/homedetails/7792-Senn-Way-LOT-1-A-La-Jolla-CA-92037/2088947035_zpid/
VacantResidentialLand,,,,174240,"$7,995,000 ",7792 Senn Way,La Jolla,CA,32.843728,-117.248666,0.95206545,,1/1/1970,,,,,1/21/2019,2090741864,https://www.zillow.com/homedetails/7792-Senn-Way-La-Jolla-CA-92037/2090741864_zpid/
SingleFamily,5,5,8236,17798,"$8,400,000 ",6092 Avenida Chamnez,LA JOLLA,CA,32.82374,-117.263195,1.177582516,2006,1/20/2019,-4619,6/29/1999,965000,7071062,1/21/2019,79571545,https://www.zillow.com/homedetails/6092-Avenida-Chamnez-La-Jolla-CA-92037/79571545_zpid/
SingleFamily,5,9,8700,38768,"$8,600,000 ",6404 La Jolla Scenic Dr S,LA JOLLA,CA,32.831317,-117.252959,1.414181973,1995,1/20/2019,-70819,4/17/1997,1325000,8118346,1/21/2019,16851792,https://www.zillow.com/homedetails/6404-La-Jolla-Scenic-Dr-S-La-Jolla-CA-92037/16851792_zpid/
SingleFamily,6,10,10828,42688,"$8,800,000 ",5811 Rutgers Rd,LA JOLLA,CA,32.82094,-117.254481,1.717884538,2017,1/20/2019,303850,6/30/2008,2250000,8898809,1/21/2019,16856558,https://www.zillow.com/homedetails/5811-Rutgers-Rd-La-Jolla-CA-92037/16856558_zpid/
SingleFamily,7,7,7570,81892,"$8,998,000 ",6001 La Jolla Scenic Dr S,LA JOLLA,CA,32.824812,-117.254816,1.607196652,2005,1/20/2019,-346435,6/26/2001,2775000,7760970,1/21/2019,120796128,https://www.zillow.com/homedetails/6001-La-Jolla-Scenic-Dr-S-La-Jolla-CA-92037/120796128_zpid/
SingleFamily,5,5,6280,18164,"$9,499,000 ",7430 Hillside Dr,LA JOLLA,CA,32.844031,-117.255827,0.610500605,,1/20/2019,670443,12/14/2011,825000,9146123,1/21/2019,99478271,https://www.zillow.com/homedetails/7430-Hillside-Dr-La-Jolla-CA-92037/99478271_zpid/
SingleFamily,6,7,7356,43560,"$9,895,000 ",2608 Crown Crest Ln,LA JOLLA,CA,32.884343,-117.248145,2.389389883,2018,1/20/2019,-217652,12/29/2017,5800000,7966955,1/21/2019,16834405,https://www.zillow.com/homedetails/2608-Crown-Crest-Ln-La-Jolla-CA-92037/16834405_zpid/
SingleFamily,7,5,4176,10672,"$9,900,000 ",417 Sea Ridge Dr,LA JOLLA,CA,32.808276,-117.265542,1.832694365,1984,1/20/2019,185184,5/1/2015,3325000,4901075,1/21/2019,16907608,https://www.zillow.com/homedetails/417-Sea-Ridge-Dr-La-Jolla-CA-92037/16907608_zpid/
SingleFamilySingleFamily,4,7,4863,23522108900,"$9,995,000 ",7404 Hillside Dr 7404 Hillside Dr,LA JOLLA LA JOLLA,CA CA,32.84355632,-117.255484,0.64665291,1970,01/01/197001/20/2019,151228,,,5408031,1/21/2019,9.94599E+15,https://www.zillow.com/homedetails/7404-Hillside-Dr-La-Jolla-CA-92037/99459908_zpid/https://www.zillow.com/homedetails/7404-Hillside-Dr-La-Jolla-CA-92037/16851384_zpid/
SingleFamily,4,4,6059,10890,"$10,095,000 ",1585 Coast Walk,LA JOLLA,CA,32.848368,-117.26609,0.054060409,1985,1/20/2019,699576,,,8378850,1/21/2019,16848063,https://www.zillow.com/homedetails/1585-Coast-Walk-La-Jolla-CA-92037/16848063_zpid/
SingleFamily,3,4.5,3124,3998,"$10,495,000 ",6653 Neptune Pl,LA JOLLA,CA,32.827818,-117.279626,0.255640268,2012,1/20/2019,69529,1/26/2009,2575000,6534682,1/21/2019,16850262,https://www.zillow.com/homedetails/6653-Neptune-Pl-La-Jolla-CA-92037/16850262_zpid/
SingleFamily,7,10,10423,19427,"$10,900,000 ",7356 Brodiaea Way,LA JOLLA,CA,32.841858,-117.25989,0.583097225,1998,1/20/2019,88082,10/28/2011,5400000,9184264,1/21/2019,16851506,https://www.zillow.com/homedetails/7356-Brodiaea-Way-La-Jolla-CA-92037/16851506_zpid/
SingleFamily,3,5,3323,10890,"$11,590,000 ",7076 Neptune Pl,LA JOLLA,CA,32.833205,-117.281667,0.034795531,1952,1/20/2019,94495,,,7752201,1/21/2019,16849688,https://www.zillow.com/homedetails/7076-Neptune-Pl-La-Jolla-CA-92037/16849688_zpid/
SingleFamily,8,10,13575,50094,"$13,500,000 ",1640 La Jolla Rancho Rd,LA JOLLA,CA,32.82607,-117.25763,1.426751055,2008,1/20/2019,103600,11/30/2004,2950000,9647706,1/21/2019,16856426,https://www.zillow.com/homedetails/1640-La-Jolla-Rancho-Rd-La-Jolla-CA-92037/16856426_zpid/
SingleFamily,7,10,8328,11609,"$15,995,000 ",7400 Vista Del Mar Ave,LA JOLLA,CA,32.837058,-117.280997,0.046449024,2003,1/20/2019,90363,7/1/2004,9445500,17071432,1/21/2019,16849126,https://www.zillow.com/homedetails/7400-Vista-Del-Mar-Ave-La-Jolla-CA-92037/16849126_zpid/
SingleFamily,5,7,8627,51836,"$19,500,000 ",9828 La Jolla Farms Rd,LA JOLLA,CA,32.883825,-117.251256,2.300440169,2003,1/20/2019,143480,11/22/1999,4250000,9176812,1/21/2019,16834392,https://www.zillow.com/homedetails/9828-La-Jolla-Farms-Rd-La-Jolla-CA-92037/16834392_zpid/
VacantResidentialLand,,,,967903,"$20,000,000 ",Country Club Dr LOT 11,La Jolla,CA,32.8444,-117.2537,0.697909406,,1/1/1970,,,,,1/21/2019,2086716939,https://www.zillow.com/homedetails/Country-Club-Dr-LOT-11-La-Jolla-CA-92037/2086716939_zpid/
SingleFamily,6,11,12000,18730,"$29,500,000 ",1369 Coast Walk,La Jolla,CA,32.848985,-117.269738,0.062512167,2004,1/20/2019,205813,,,13291773,1/21/2019,2089445597,https://www.zillow.com/homedetails/1369-Coast-Walk-La-Jolla-CA-92037/2089445597_zpid/
SingleFamily,6,6,11954,33541,"$30,000,000 ",9826 La Jolla Farms Rd,LA JOLLA,CA,32.884175,-117.250817,2.330684566,2007,1/20/2019,368580,,,23802424,1/21/2019,16834391,https://www.zillow.com/homedetails/9826-La-Jolla-Farms-Rd-La-Jolla-CA-92037/16834391_zpid/
Condominium,2,60,1158,28099,"$949,000 ",7811 Eads Ave UNIT 411,LA JOLLA,CA,32.845008,-117.276189,0.16120524,1971,1/20/2019,129976,11/1/2004,699000,1105698,1/21/2019,16847978,https://www.zillow.com/homedetails/7811-Eads-Ave-UNIT-411-La-Jolla-CA-92037/16847978_zpid/
CondominiumCondominium,22,2.53.0,17011701,,"$2,495,000 ",1020 Prospect St UNIT 203 1020 Prospect St UNIT 203,La Jolla La Jolla,CA CA,32.84797932,-117.274739,0.099877078,20172017,01/20/201901/20/2019,3164870020,,,2.31632E+13,1/21/2019,2.50194E+18,https://www.zillow.com/homedetails/1020-Prospect-St-UNIT-203-La-Jolla-CA-92037/250194187_zpid/https://www.zillow.com/homedetails/1020-Prospect-St-UNIT-203-La-Jolla-CA-92037/2093122983_zpid/
SingleFamilyCondominium,44,5.05.0,40104010,1089010890,"$2,548,000 ",2380 Almeria Ct 2380 Almeria Ct,La Jolla La Jolla,CA CA,32.82050632,-117.231424,2.759060094,20182018,01/20/201901/20/2019,-46811,,,2.37526E+13,1/21/2019,2.50196E+18,https://www.zillow.com/homedetails/2380-Almeria-Ct-La-Jolla-CA-92037/250195850_zpid/https://www.zillow.com/homedetails/2380-Almeria-Ct-La-Jolla-CA-92037/2088190718_zpid/
CondominiumCondominium,22,3.54.0,23702370,,"$4,495,000 ",1020 Prospect St UNIT 102 1020 Prospect St UNIT 102,La Jolla La Jolla,CA CA,32.84797932,-117.274739,0.099877078,20172017,01/20/201901/20/2019,-399366,,,3.99957E+13,1/21/2019,2.50196E+18,https://www.zillow.com/homedetails/1020-Prospect-St-UNIT-102-La-Jolla-CA-92037/250196456_zpid/https://www.zillow.com/homedetails/1020-Prospect-St-UNIT-102-La-Jolla-CA-92037/2091314595_zpid/
CondominiumCondominium,22,2.53.0,30643064,,"$5,550,000 ",1020 Prospect St UNIT 202 1020 Prospect St UNIT 202,La Jolla La Jolla,CA CA,32.84797932,-117.274739,0.099877078,20172017,01/20/201901/20/2019,1.95204E+11,,,5.30333E+13,1/21/2019,2.50195E+18,https://www.zillow.com/homedetails/1020-Prospect-St-UNIT-202-La-Jolla-CA-92037/250194512_zpid/https://www.zillow.com/homedetails/1020-Prospect-St-UNIT-202-La-Jolla-CA-92037/2093309310_zpid/
