title,beds,bath,sqft,price,address,city,state,lat,lon,date scraped,id,url
Condo for sale,Studio,1,460,"$329,000 ",860 Turquoise St UNIT 328,SAN DIEGO,CA,32809137,-117258185,1/19/2019,63477819,https://www.zillow.com/homedetails/860-Turquoise-St-UNIT-328-San-Diego-CA-92109/63477819_zpid/
Condo for sale,Studio,1,504,"$335,000 ",8680 Via Mallorca APT C,LA JOLLA,CA,32863357,-117233833,1/19/2019,16841369,https://www.zillow.com/homedetails/8680-Via-Mallorca-APT-C-La-Jolla-CA-92037/16841369_zpid/
Condo for sale,Studio,1,504,"$352,500 ",3128 Via Alicante UNIT X,LA JOLLA,CA,32862749,-117234888,1/19/2019,16841556,https://www.zillow.com/homedetails/3128-Via-Alicante-UNIT-X-La-Jolla-CA-92037/16841556_zpid/
Condo for sale,Studio,1,504,"$352,500 ",3128 Via Alicante UNIT V,LA JOLLA,CA,32862749,-117234888,1/19/2019,16841544,https://www.zillow.com/homedetails/3128-Via-Alicante-UNIT-V-La-Jolla-CA-92037/16841544_zpid/
Auction,1,1,691,$354K,3110 Via Alicante UNIT L,LA JOLLA,CA,32862749,-117234888,1/19/2019,16841581,https://www.zillow.com/homedetails/3110-Via-Alicante-UNIT-L-La-Jolla-CA-92037/16841581_zpid/
Condo for sale,1,1,848,"$414,000 ",2600 Torrey Pines Rd APT A23,LA JOLLA,CA,32851779,-117246722,1/19/2019,16839444,https://www.zillow.com/homedetails/2600-Torrey-Pines-Rd-APT-A23-La-Jolla-CA-92037/16839444_zpid/
Townhouse for sale,1,1,820,"$415,000 ",8282 Gilman Dr UNIT 41,LA JOLLA,CA,32856074,-117237358,1/19/2019,98378748,https://www.zillow.com/homedetails/8282-Gilman-Dr-UNIT-41-La-Jolla-CA-92037/98378748_zpid/
Condo for sale,1,1,691,"$425,000 ",3116 Via Alicante UNIT I,LA JOLLA,CA,32861694,-117234533,1/19/2019,16841564,https://www.zillow.com/homedetails/3116-Via-Alicante-UNIT-I-La-Jolla-CA-92037/16841564_zpid/
Condo for sale,1,1,691,"$425,000 ",8524 Via Mallorca UNIT E,LA JOLLA,CA,32862735,-117233810,1/19/2019,16841427,https://www.zillow.com/homedetails/8524-Via-Mallorca-UNIT-E-La-Jolla-CA-92037/16841427_zpid/
Condo for sale,1,1,691,"$425,000 ",8509 Villa La Jolla Dr APT H,LA JOLLA,CA,32862855,-117235689,1/19/2019,16841671,https://www.zillow.com/homedetails/8509-Villa-La-Jolla-Dr-APT-H-La-Jolla-CA-92037/16841671_zpid/
Condo for sale,1,1,691,"$425,000 ",8604 Via Mallorca APT I,LA JOLLA,CA,32863357,-117233833,1/19/2019,16841374,https://www.zillow.com/homedetails/8604-Via-Mallorca-APT-I-La-Jolla-CA-92037/16841374_zpid/
Condo for sale,1,1,691,"$449,900 ",8528 Via Mallorca UNIT D,LA JOLLA,CA,32862527,-117234311,1/19/2019,16841422,https://www.zillow.com/homedetails/8528-Via-Mallorca-UNIT-D-La-Jolla-CA-92037/16841422_zpid/
Condo for sale,1,1,713,"$499,000 ",6333 La Jolla Blvd UNIT 178,LA JOLLA,CA,32824666,-117275667,1/19/2019,16850683,https://www.zillow.com/homedetails/6333-La-Jolla-Blvd-UNIT-178-La-Jolla-CA-92037/16850683_zpid/
Condo for sale,2,2,"1,204","$499,000 ",2610 Torrey Pines Rd APT C22,LA JOLLA,CA,32852002,-117247422,1/19/2019,16839467,https://www.zillow.com/homedetails/2610-Torrey-Pines-Rd-APT-C22-La-Jolla-CA-92037/16839467_zpid/
Condo for sale,2,1,"1,080","$515,000 ",8850 Villa La Jolla Dr UNIT 201,LA JOLLA,CA,32869320,-117235414,1/19/2019,16835971,https://www.zillow.com/homedetails/8850-Villa-La-Jolla-Dr-UNIT-201-La-Jolla-CA-92037/16835971_zpid/
Townhouse for sale,2,2,971,"$525,000 ",3148 Via Alicante UNIT A,LA JOLLA,CA,32861448,-117234108,1/19/2019,16841515,https://www.zillow.com/homedetails/3148-Via-Alicante-UNIT-A-La-Jolla-CA-92037/16841515_zpid/
Condo for sale,2,1,597,"$535,000 ",7514 Girard Ave APT B,LA JOLLA,CA,32841014,-117273078,1/19/2019,69223343,https://www.zillow.com/homedetails/7514-Girard-Ave-APT-B-La-Jolla-CA-92037/69223343_zpid/
Condo for sale,2,2,"1,017","$549,500 ",3131 Via Alicante UNIT 202,LA JOLLA,CA,32861350,-117234511,1/19/2019,63789858,https://www.zillow.com/homedetails/3131-Via-Alicante-UNIT-202-La-Jolla-CA-92037/63789858_zpid/
Condo for sale,2,2,"1,204","$559,000 ",2610 Torrey Pines Rd APT C21,LA JOLLA,CA,32852002,-117247422,1/19/2019,16839466,https://www.zillow.com/homedetails/2610-Torrey-Pines-Rd-APT-C21-La-Jolla-CA-92037/16839466_zpid/
Condo for sale,2,2,989,"$560,000 ",6455 La Jolla Blvd UNIT 143,LA JOLLA,CA,32825967,-117276155,1/19/2019,16850847,https://www.zillow.com/homedetails/6455-La-Jolla-Blvd-UNIT-143-La-Jolla-CA-92037/16850847_zpid/
Condo for sale,1,1,728,"$598,000 ",7411 Herschel Ave UNIT 3E,LA JOLLA,CA,32839788,-117270742,1/19/2019,61786902,https://www.zillow.com/homedetails/7411-Herschel-Ave-UNIT-3E-La-Jolla-CA-92037/61786902_zpid/
Condo for sale,2,2,"1,017","$599,900 ",8460 Via Mallorca UNIT 237,LA JOLLA,CA,32860574,-117234780,1/19/2019,63789967,https://www.zillow.com/homedetails/8460-Via-Mallorca-UNIT-237-La-Jolla-CA-92037/63789967_zpid/
Condo for sale,2,2,"1,141","$610,000 ",8585 Via Mallorca UNIT 11,LA JOLLA,CA,32861972,-117232584,1/19/2019,16836126,https://www.zillow.com/homedetails/8585-Via-Mallorca-UNIT-11-La-Jolla-CA-92037/16836126_zpid/
Coming soon,2,2,990,"$615,000 ",6333 La Jolla Blvd UNIT 277,LA JOLLA,CA,32824666,-117275667,1/19/2019,16850707,https://www.zillow.com/homedetails/6333-La-Jolla-Blvd-UNIT-277-La-Jolla-CA-92037/16850707_zpid/
Condo for sale,2,2,984,"$625,000 ",3261 Caminito Ameca,LA JOLLA,CA,32854621,-117234974,1/19/2019,16840399,https://www.zillow.com/homedetails/3261-Caminito-Ameca-La-Jolla-CA-92037/16840399_zpid/
Townhouse for sale,2,2,"1,137","$650,000 ",3390 Via Alicante,LA JOLLA,CA,32861393,-117231910,1/19/2019,16835330,https://www.zillow.com/homedetails/3390-Via-Alicante-La-Jolla-CA-92037/16835330_zpid/
Townhouse for sale,2,2,"1,241","$652,500 ",3109 Evening Way UNIT D,LA JOLLA,CA,32869169,-117237519,1/19/2019,16835598,https://www.zillow.com/homedetails/3109-Evening-Way-UNIT-D-La-Jolla-CA-92037/16835598_zpid/
Condo for sale,1,1,991,"$665,000 ",7514 Girard Ave APT 24,LA JOLLA,CA,32841015,-117273079,1/19/2019,69223338,https://www.zillow.com/homedetails/7514-Girard-Ave-APT-24-La-Jolla-CA-92037/69223338_zpid/
Townhouse for sale,2,3,"1,258","$715,000 ",7612 Eads Ave,LA JOLLA,CA,32842062,-117276004,1/19/2019,16848650,https://www.zillow.com/homedetails/7612-Eads-Ave-La-Jolla-CA-92037/16848650_zpid/
Condo for sale,2,2,"1,101","$725,000 ",7811 Eads Ave UNIT 407,LA JOLLA,CA,32845008,-117276189,1/19/2019,16847974,https://www.zillow.com/homedetails/7811-Eads-Ave-UNIT-407-La-Jolla-CA-92037/16847974_zpid/
Lot / Land for sale,,,--,"$749,000 ",5715 Soledad Mountain Rd # 209,La Jolla,CA,32824781,-117236218,1/19/2019,2087128936,https://www.zillow.com/homedetails/5715-Soledad-Mountain-Rd-209-La-Jolla-CA-92037/2087128936_zpid/
Lot / Land for sale,,,"10,890","$749,000 ",5715 Soledad Mountain Rd LOT 209,La Jolla,CA,32824781,-117236218,1/19/2019,2087132204,https://www.zillow.com/homedetails/5715-Soledad-Mountain-Rd-LOT-209-La-Jolla-CA-92037/2087132204_zpid/
Condo for sale,2,2,"1,353","$769,000 ",5370 La Jolla Blvd UNIT 203,LA JOLLA,CA,32810457,-117266566,1/19/2019,16907495,https://www.zillow.com/homedetails/5370-La-Jolla-Blvd-UNIT-203-La-Jolla-CA-92037/16907495_zpid/
Condo for sale,2,2,"1,351","$799,000 ",7550 Eads Ave UNIT 101,LA JOLLA,CA,32840626,-117275503,1/19/2019,16848681,https://www.zillow.com/homedetails/7550-Eads-Ave-UNIT-101-La-Jolla-CA-92037/16848681_zpid/
Condo for sale,3,3,"1,792","$825,000 ",8784 Caminito Abrazo,LA JOLLA,CA,32867275,-117239374,1/19/2019,16836077,https://www.zillow.com/homedetails/8784-Caminito-Abrazo-La-Jolla-CA-92037/16836077_zpid/
Condo for sale,2,2,"1,356","$825,000 ",7550 Eads Ave UNIT 403,LA JOLLA,CA,32840626,-117275503,1/19/2019,16848714,https://www.zillow.com/homedetails/7550-Eads-Ave-UNIT-403-La-Jolla-CA-92037/16848714_zpid/
Condo for sale,3,3,"2,083","$849,000 ",2842 Torrey Pines Rd,LA JOLLA,CA,32853361,-117246190,1/19/2019,16838982,https://www.zillow.com/homedetails/2842-Torrey-Pines-Rd-La-Jolla-CA-92037/16838982_zpid/
Apartment for sale,3,3,"1,692","$849,000 ",8940 Caminito Fresco,LA JOLLA,CA,32869810,-117239212,1/19/2019,16835180,https://www.zillow.com/homedetails/8940-Caminito-Fresco-La-Jolla-CA-92037/16835180_zpid/
Coming soon,3,3,"1,456","$849,000 ",5433.5 La Jolla Blvd,La Jolla,CA,32870044,-117249522,1/19/2019,2086460123,https://www.zillow.com/homedetails/5433-5-La-Jolla-Blvd-La-Jolla-CA-92037/2086460123_zpid/
Coming soon,2,3,"2,174","$850,000 ",3120 Almahurst Row,LA JOLLA,CA,32881315,-117244874,1/19/2019,17204047,https://www.zillow.com/homedetails/3120-Almahurst-Row-La-Jolla-CA-92037/17204047_zpid/
Condo for sale,3,3,"2,013","$875,000 ",5662 Caminito Isla,LA JOLLA,CA,32821401,-117238278,1/19/2019,16857399,https://www.zillow.com/homedetails/5662-Caminito-Isla-La-Jolla-CA-92037/16857399_zpid/
Condo for sale,3,3,"1,987","$890,000 ",7960 Caminito Del Cid,LA JOLLA,CA,32851187,-117251381,1/19/2019,16839383,https://www.zillow.com/homedetails/7960-Caminito-Del-Cid-La-Jolla-CA-92037/16839383_zpid/
Condo for sale,2,3,"1,248","$890,000 ",7625 Draper Ave UNIT B,LA JOLLA,CA,32842376,-117276615,1/19/2019,16848637,https://www.zillow.com/homedetails/7625-Draper-Ave-UNIT-B-La-Jolla-CA-92037/16848637_zpid/
Condo for sale,3,3,"2,062","$895,000 ",5568 Caminito Consuelo,LA JOLLA,CA,32820735,-117235668,1/19/2019,16857476,https://www.zillow.com/homedetails/5568-Caminito-Consuelo-La-Jolla-CA-92037/16857476_zpid/
Condo for sale,3,3,"2,056","$899,000 ",2244 Caminito Castillo,LA JOLLA,CA,32823618,-117237811,1/19/2019,16857346,https://www.zillow.com/homedetails/2244-Caminito-Castillo-La-Jolla-CA-92037/16857346_zpid/
Condo for sale,3,2,"1,858","$899,000 ",6515 Caminito Catalan,LA JOLLA,CA,32835343,-117245865,1/19/2019,16852344,https://www.zillow.com/homedetails/6515-Caminito-Catalan-La-Jolla-CA-92037/16852344_zpid/
Condo for sale,2,2.5,"1,252","$899,000 ",7715 Eads Ave,LA JOLLA,CA,32843586,-117275730,1/19/2019,16848330,https://www.zillow.com/homedetails/7715-Eads-Ave-La-Jolla-CA-92037/16848330_zpid/
Auction,3,2,"2,183",$908K,5782 Caminito Empresa,LA JOLLA,CA,32819668,-117249837,1/19/2019,48180695,https://www.zillow.com/homedetails/5782-Caminito-Empresa-La-Jolla-CA-92037/48180695_zpid/
Condo for sale,2,2,"1,088","$917,000 ",410 Pearl St APT 2C,LA JOLLA,CA,32839036,-117279676,1/19/2019,62655499,https://www.zillow.com/homedetails/410-Pearl-St-APT-2C-La-Jolla-CA-92037/62655499_zpid/
Condo for sale,2,60,"1,158","$949,000 ",7811 Eads Ave UNIT 411,LA JOLLA,CA,32845008,-117276189,1/19/2019,16847978,https://www.zillow.com/homedetails/7811-Eads-Ave-UNIT-411-La-Jolla-CA-92037/16847978_zpid/
House for sale,3,2,"1,702","$949,000 ",2460 Azure Coast Dr,LA JOLLA,CA,32850079,-117249730,1/19/2019,16851353,https://www.zillow.com/homedetails/2460-Azure-Coast-Dr-La-Jolla-CA-92037/16851353_zpid/
Condo for sale,2,2,"1,345","$988,888 ",1236 Cave St UNIT 2B,LA JOLLA,CA,32848152,-117271469,1/19/2019,16848003,https://www.zillow.com/homedetails/1236-Cave-St-UNIT-2B-La-Jolla-CA-92037/16848003_zpid/
Condo for sale,2,3,"1,620","$998,888 ",403 Bonair St,LA JOLLA,CA,32830430,-117277567,1/19/2019,83893267,https://www.zillow.com/homedetails/403-Bonair-St-La-Jolla-CA-92037/83893267_zpid/
House for sale,2,2,"1,008","$999,000 ",1551 Olivet Ln,LA JOLLA,CA,32846735,-117265117,1/19/2019,16848226,https://www.zillow.com/homedetails/1551-Olivet-Ln-La-Jolla-CA-92037/16848226_zpid/
Condo for sale,2,2,"1,215","$1,025,000 ",909 Coast Blvd UNIT 2,LA JOLLA,CA,32847585,-117276649,1/19/2019,16847637,https://www.zillow.com/homedetails/909-Coast-Blvd-UNIT-2-La-Jolla-CA-92037/16847637_zpid/
Condo for sale,3,3,"2,070","$1,045,000 ",5428 Caminito Herminia,LA JOLLA,CA,32819284,-117236075,1/19/2019,16857439,https://www.zillow.com/homedetails/5428-Caminito-Herminia-La-Jolla-CA-92037/16857439_zpid/
House for sale,2,2,"1,352","$1,048,000 ",2488 Azure Coast Dr,LA JOLLA,CA,32850079,-117249730,1/19/2019,16851343,https://www.zillow.com/homedetails/2488-Azure-Coast-Dr-La-Jolla-CA-92037/16851343_zpid/
House for sale,3,3,"2,555","$1,099,000 ",5401 La Jolla Mesa Dr,LA JOLLA,CA,32812989,-117259829,1/19/2019,16856375,https://www.zillow.com/homedetails/5401-La-Jolla-Mesa-Dr-La-Jolla-CA-92037/16856375_zpid/
Condo for sale,2,2,"1,737","$1,100,000 ",1001 Genter St UNIT 1G,LA JOLLA,CA,32836669,-117271026,1/19/2019,16849585,https://www.zillow.com/homedetails/1001-Genter-St-UNIT-1G-La-Jolla-CA-92037/16849585_zpid/
Condo for sale,3,3,"2,593","$1,150,000 ",1478 Caminito Solidago,LA JOLLA,CA,32819986,-117251273,1/19/2019,16858249,https://www.zillow.com/homedetails/1478-Caminito-Solidago-La-Jolla-CA-92037/16858249_zpid/
Condo for sale,2,2,"1,204","$1,150,000 ",305 Prospect St,LA JOLLA,CA,32840350,-117279906,1/19/2019,16848626,https://www.zillow.com/homedetails/305-Prospect-St-La-Jolla-CA-92037/16848626_zpid/
Condo for sale,4,3,"2,601","$1,195,000 ",9752 Keeneland Row,LA JOLLA,CA,32882061,-117244954,1/19/2019,17204078,https://www.zillow.com/homedetails/9752-Keeneland-Row-La-Jolla-CA-92037/17204078_zpid/
Townhouse for sale,4,3,"1,824","$1,199,888 ",8746 Caminito Sueno,LA JOLLA,CA,32866483,-117238585,1/19/2019,16836097,https://www.zillow.com/homedetails/8746-Caminito-Sueno-La-Jolla-CA-92037/16836097_zpid/
Coming soon,3,2,"1,519","$1,249,000 ",2130 Vallecitos UNIT 244,LA JOLLA,CA,32855334,-117256713,1/19/2019,16838727,https://www.zillow.com/homedetails/2130-Vallecitos-UNIT-244-La-Jolla-CA-92037/16838727_zpid/
House for sale,3,2,"1,560","$1,250,000 ",5439 La Jolla Mesa Dr,LA JOLLA,CA,32813572,-117259567,1/19/2019,16856371,https://www.zillow.com/homedetails/5439-La-Jolla-Mesa-Dr-La-Jolla-CA-92037/16856371_zpid/
Condo for sale,3,2,"1,252","$1,250,000 ",408 Bonair St,LA JOLLA,CA,32830883,-117277667,1/19/2019,16849982,https://www.zillow.com/homedetails/408-Bonair-St-La-Jolla-CA-92037/16849982_zpid/
Condo for sale,2,3,"2,310","$1,250,000 ",8215 Caminito Lacayo,LA JOLLA,CA,32856462,-117242859,1/19/2019,16840000,https://www.zillow.com/homedetails/8215-Caminito-Lacayo-La-Jolla-CA-92037/16840000_zpid/
Lot / Land for sale,,,"10,890","$1,250,000 ",8356 Sugarman Dr LOT 57,La Jolla,CA,32858334,-117238814,1/19/2019,2087306108,https://www.zillow.com/homedetails/8356-Sugarman-Dr-LOT-57-La-Jolla-CA-92037/2087306108_zpid/
Condo for sale,2,2,"1,142","$1,250,000 ",800 Prospect St UNIT 1C,LA JOLLA,CA,32845546,-117276924,1/19/2019,16847902,https://www.zillow.com/homedetails/800-Prospect-St-UNIT-1C-La-Jolla-CA-92037/16847902_zpid/
House for sale,2,2,"1,160","$1,274,000 ",6762 Tyrian St,La Jolla,CA,32829998,-117276085,1/19/2019,2089705875,https://www.zillow.com/homedetails/6762-Tyrian-St-La-Jolla-CA-92037/2089705875_zpid/
House for sale,3,3,"2,469","$1,285,000 ",5417 Caminito Bayo,LA JOLLA,CA,32814290,-117252642,1/19/2019,16858534,https://www.zillow.com/homedetails/5417-Caminito-Bayo-La-Jolla-CA-92037/16858534_zpid/
Lot / Land for sale,,,"7,501","$1,350,000 ",627 Colima St LOT 4,La Jolla,CA,32811664,-117263634,1/19/2019,2086598184,https://www.zillow.com/homedetails/627-Colima-St-LOT-4-La-Jolla-CA-92037/2086598184_zpid/
Lot / Land for sale,,,"7,501","$1,350,000 ",623 Colima St LOT 4,La Jolla,CA,32811593,-117263539,1/19/2019,2086598302,https://www.zillow.com/homedetails/623-Colima-St-LOT-4-La-Jolla-CA-92037/2086598302_zpid/
Lot / Land for sale,,,"10,890","$1,375,000 ",1510 Copa De Oro Dr LOT 84,La Jolla,CA,32817917,-117255745,1/19/2019,2088946917,https://www.zillow.com/homedetails/1510-Copa-De-Oro-Dr-LOT-84-La-Jolla-CA-92037/2088946917_zpid/
Lot / Land for sale,,,"10,890","$1,375,000 ",1510 Copa De Oro Dr,La Jolla,CA,32817917,-117255745,1/19/2019,99464806,https://www.zillow.com/homedetails/1510-Copa-De-Oro-Dr-La-Jolla-CA-92037/99464806_zpid/
Apartment for sale,2,2,--,"$1,599,000 ",376 378 Nautilus,La Jolla,CA,32831605,-117278140,1/19/2019,2087784785,https://www.zillow.com/homedetails/376-378-Nautilus-La-Jolla-CA-92037/2087784785_zpid/
House for sale,3,2,"1,235","$1,599,000 ",5429 Bellevue Ave,LA JOLLA,CA,32812668,-117262569,1/19/2019,16856216,https://www.zillow.com/homedetails/5429-Bellevue-Ave-La-Jolla-CA-92037/16856216_zpid/
Condo for sale,3,3,"2,611","$1,625,000 ",5418 Caminito Bayo,LA JOLLA,CA,32814428,-117253079,1/19/2019,16858529,https://www.zillow.com/homedetails/5418-Caminito-Bayo-La-Jolla-CA-92037/16858529_zpid/
House for sale,4,4,"2,059","$1,648,000 ",6756 Tyrian St,La Jolla,CA,32830016,-117276120,1/19/2019,2089695298,https://www.zillow.com/homedetails/6756-Tyrian-St-La-Jolla-CA-92037/2089695298_zpid/
Coming soon,4,4,2,"$1,650,000 ",1380 Caminito Balada,LA JOLLA,CA,32815626,-117249620,1/19/2019,16858472,https://www.zillow.com/homedetails/1380-Caminito-Balada-La-Jolla-CA-92037/16858472_zpid/
House for sale,4,4,"2,679","$1,650,000 ",2817 Caminito Turnberry,LA JOLLA,CA,32835715,-117239686,1/19/2019,16852668,https://www.zillow.com/homedetails/2817-Caminito-Turnberry-La-Jolla-CA-92037/16852668_zpid/
House for sale,3,2,"1,993","$1,650,000 ",5515 Ladybird Ln,LA JOLLA,CA,32814332,-117260056,1/19/2019,16856061,https://www.zillow.com/homedetails/5515-Ladybird-Ln-La-Jolla-CA-92037/16856061_zpid/
House for sale,5,4,"2,730","$1,674,888 ",5645 Soledad Mountain Rd,LA JOLLA,CA,32823628,-117235295,1/19/2019,16857071,https://www.zillow.com/homedetails/5645-Soledad-Mountain-Rd-La-Jolla-CA-92037/16857071_zpid/
Condo for sale,4,3,"2,694","$1,675,000 ",5423 Caminito Bayo,LA JOLLA,CA,32814382,-117252584,1/19/2019,81962138,https://www.zillow.com/homedetails/5423-Caminito-Bayo-La-Jolla-CA-92037/81962138_zpid/
House for sale,5,4,"1,400","$1,689,000 ",521 Arenas St,LA JOLLA,CA,32834950,-117277071,1/19/2019,16849480,https://www.zillow.com/homedetails/521-Arenas-St-La-Jolla-CA-92037/16849480_zpid/
House for sale,4,4.5,"2,308","$1,695,000 ",5620 La Jolla Blvd,LA JOLLA,CA,32814138,-117270100,1/19/2019,55326783,https://www.zillow.com/homedetails/5620-La-Jolla-Blvd-La-Jolla-CA-92037/55326783_zpid/
Townhouse for sale,3,3,"2,428","$1,695,000 ",5412 Caminito Bayo,LA JOLLA,CA,32814328,-117253142,1/19/2019,16858530,https://www.zillow.com/homedetails/5412-Caminito-Bayo-La-Jolla-CA-92037/16858530_zpid/
House for sale,3,3,"2,295","$1,695,000 ",8356 Sugarman Dr,LA JOLLA,CA,32858334,-117238814,1/19/2019,16840238,https://www.zillow.com/homedetails/8356-Sugarman-Dr-La-Jolla-CA-92037/16840238_zpid/
Condo for sale,2,2,"2,163","$1,725,000 ",5430 La Jolla Blvd # C203,La Jolla,CA,32811267,-117267541,1/19/2019,63659178,https://www.zillow.com/homedetails/5430-La-Jolla-Blvd-C203-La-Jolla-CA-92037/63659178_zpid/
Condo for sale,2,2,"1,481","$1,725,000 ",100 Coast Blvd UNIT 204,LA JOLLA,CA,32839031,-117281031,1/19/2019,16848862,https://www.zillow.com/homedetails/100-Coast-Blvd-UNIT-204-La-Jolla-CA-92037/16848862_zpid/
House for sale,3,2,"1,429","$1,749,999 ",5661 Beaumont Ave,LA JOLLA,CA,32815579,-117268085,1/19/2019,16855688,https://www.zillow.com/homedetails/5661-Beaumont-Ave-La-Jolla-CA-92037/16855688_zpid/
House for sale,7,4,"2,450","$1,750,000 ",1164 Turquoise St,SAN DIEGO,CA,32810440,-117252353,1/19/2019,16908045,https://www.zillow.com/homedetails/1164-Turquoise-St-San-Diego-CA-92109/16908045_zpid/
House for sale,4,2,"2,292","$1,795,000 ",1006 Newkirk Dr,LA JOLLA,CA,32825021,-117268232,1/19/2019,16854818,https://www.zillow.com/homedetails/1006-Newkirk-Dr-La-Jolla-CA-92037/16854818_zpid/
Condo for sale,2,2,"1,348","$1,795,000 ",333 Coast Blvd UNIT 9,LA JOLLA,CA,32841315,-117280688,1/19/2019,16848588,https://www.zillow.com/homedetails/333-Coast-Blvd-UNIT-9-La-Jolla-CA-92037/16848588_zpid/
House for sale,3,3,"2,469","$1,798,000 ",7090 Caminito La Benera,LA JOLLA,CA,32836987,-117251710,1/19/2019,83122212,https://www.zillow.com/homedetails/7090-Caminito-La-Benera-La-Jolla-CA-92037/83122212_zpid/
House for sale,3,3,"1,548","$1,849,000 ",8018 La Jolla Shores Dr,La Jolla,CA,32852699,-117253964,1/19/2019,2088006073,https://www.zillow.com/homedetails/8018-La-Jolla-Shores-Dr-La-Jolla-CA-92037/2088006073_zpid/
House for sale,4,3,"2,076","$1,850,000 ",6658 Draper Ave,LA JOLLA,CA,32829521,-117273443,1/19/2019,16850420,https://www.zillow.com/homedetails/6658-Draper-Ave-La-Jolla-CA-92037/16850420_zpid/
House for sale,4,6,"3,303","$1,899,000 ",2518 Caminito La Paz,LA JOLLA,CA,32846818,-117245767,1/19/2019,16839631,https://www.zillow.com/homedetails/2518-Caminito-La-Paz-La-Jolla-CA-92037/16839631_zpid/
Condo for sale,2,2,"2,272","$1,950,000 ",1001 Genter St # 8G,La Jolla,CA,32836669,-117271026,1/19/2019,16849648,https://www.zillow.com/homedetails/1001-Genter-St-8G-La-Jolla-CA-92037/16849648_zpid/
Condo for sale,3,4,"2,287","$1,950,000 ",1225 Roslyn Ln,LA JOLLA,CA,32848228,-117271731,1/19/2019,16847996,https://www.zillow.com/homedetails/1225-Roslyn-Ln-La-Jolla-CA-92037/16847996_zpid/
House for sale,3,2,"2,125","$1,965,000 ",926 La Jolla Rancho Rd,LA JOLLA,CA,32820321,-117264486,1/19/2019,16855327,https://www.zillow.com/homedetails/926-La-Jolla-Rancho-Rd-La-Jolla-CA-92037/16855327_zpid/
House for sale,2,4,"1,588","$1,995,000 ",7595 Hillside Dr,LA JOLLA,CA,32845832,-117256209,1/19/2019,16851373,https://www.zillow.com/homedetails/7595-Hillside-Dr-La-Jolla-CA-92037/16851373_zpid/
Lot / Land for sale,,,0.79,"$1,995,000 ",7595 Hillside Dr LOT 0,La Jolla,CA,32845807,-117256103,1/19/2019,2088946995,https://www.zillow.com/homedetails/7595-Hillside-Dr-LOT-0-La-Jolla-CA-92037/2088946995_zpid/
House for sale,2,2,"1,920","$1,995,000 ",7570 Caminito Avola,LA JOLLA,CA,32846534,-117254658,1/19/2019,52514269,https://www.zillow.com/homedetails/7570-Caminito-Avola-La-Jolla-CA-92037/52514269_zpid/
House for sale,4,4,"3,379","$1,998,000 ",778 La Canada St,LA JOLLA,CA,32821916,-117267573,1/19/2019,16854794,https://www.zillow.com/homedetails/778-La-Canada-St-La-Jolla-CA-92037/16854794_zpid/
House for sale,3,4,"1,763","$1,998,800 ",8014 La Jolla Shores Dr,La Jolla,CA,32852671,-117253966,1/19/2019,2087521785,https://www.zillow.com/homedetails/8014-La-Jolla-Shores-Dr-La-Jolla-CA-92037/2087521785_zpid/
House for sale,3,4,"2,678","$1,999,000 ",758 Bonair St,La Jolla,CA,32831609,-117272523,1/19/2019,145640921,https://www.zillow.com/homedetails/758-Bonair-St-La-Jolla-CA-92037/145640921_zpid/
House for sale,4,2,"2,123","$1,999,000 ",1073 Skylark Dr,LA JOLLA,CA,32816242,-117261815,1/19/2019,16855824,https://www.zillow.com/homedetails/1073-Skylark-Dr-La-Jolla-CA-92037/16855824_zpid/
House for sale,4,4,"2,420","$1,999,999 ",1713 Calle De Andluca,LA JOLLA,CA,32820805,-117245329,1/19/2019,16857915,https://www.zillow.com/homedetails/1713-Calle-De-Andluca-La-Jolla-CA-92037/16857915_zpid/
House for sale,4,3,"2,276","$1,999,999 ",5403 Beaumont Ave,LA JOLLA,CA,32811841,-117264285,1/19/2019,16856176,https://www.zillow.com/homedetails/5403-Beaumont-Ave-La-Jolla-CA-92037/16856176_zpid/
House for sale,5,3,"3,859","$2,098,000 ",5590 Coral Reef Ave,LA JOLLA,CA,32820005,-117237809,1/19/2019,16857554,https://www.zillow.com/homedetails/5590-Coral-Reef-Ave-La-Jolla-CA-92037/16857554_zpid/
House for sale,4,4,"3,324","$2,099,000 ",1604 El Paso Real,LA JOLLA,CA,32830765,-117258738,1/19/2019,16851386,https://www.zillow.com/homedetails/1604-El-Paso-Real-La-Jolla-CA-92037/16851386_zpid/
House for sale,3,2,"1,429","$2,125,000 ",552 Rushville St,LA JOLLA,CA,32834896,-117276347,1/19/2019,16849498,https://www.zillow.com/homedetails/552-Rushville-St-La-Jolla-CA-92037/16849498_zpid/
House for sale,6,4,"3,225","$2,150,000 ",930 Archer St,SAN DIEGO,CA,32811304,-117257476,1/19/2019,16907744,https://www.zillow.com/homedetails/930-Archer-St-San-Diego-CA-92109/16907744_zpid/
House for sale,3,4,"2,200","$2,150,000 ",7901 Avenida Kirjah,LA JOLLA,CA,32849863,-117237242,1/19/2019,16841827,https://www.zillow.com/homedetails/7901-Avenida-Kirjah-La-Jolla-CA-92037/16841827_zpid/
Condo for sale,2,2,"1,245","$2,150,000 ",2120 Vallecitos UNIT 104,LA JOLLA,CA,32855373,-117256919,1/19/2019,52513882,https://www.zillow.com/homedetails/2120-Vallecitos-UNIT-104-La-Jolla-CA-92037/52513882_zpid/
Coming soon,3,3,"2,000","$2,195,000 ",654 Rosemont St,La Jolla,CA,32828645,-117273162,1/19/2019,2098505967,https://www.zillow.com/homedetails/654-Rosemont-St-La-Jolla-CA-92037/2098505967_zpid/
House for sale,4,3,"2,350","$2,195,000 ",7164 Eads Ave,LA JOLLA,CA,32835749,-117273921,1/19/2019,59310453,https://www.zillow.com/homedetails/7164-Eads-Ave-La-Jolla-CA-92037/59310453_zpid/
Coming soon,3,3,"2,000","$2,195,000 ",656 Draper Ave,La Jolla,CA,32870044,-117249522,1/19/2019,2087528197,https://www.zillow.com/homedetails/656-Draper-Ave-La-Jolla-CA-92037/2087528197_zpid/
For sale by owner,3,2,"1,820","$2,197,500 ",765 Genter St,LA JOLLA,CA,32836638,-117274116,1/19/2019,16849548,https://www.zillow.com/homedetails/765-Genter-St-La-Jolla-CA-92037/16849548_zpid/
Townhouse for sale,3,3,"2,298","$2,199,000 ",7851 Caminito El Rosario,LA JOLLA,CA,32850481,-117248756,1/19/2019,16839614,https://www.zillow.com/homedetails/7851-Caminito-El-Rosario-La-Jolla-CA-92037/16839614_zpid/
House for sale,4,4,"2,973","$2,249,000 ",5701 Skylark Pl,LA JOLLA,CA,32818534,-117261914,1/19/2019,16855563,https://www.zillow.com/homedetails/5701-Skylark-Pl-La-Jolla-CA-92037/16855563_zpid/
House for sale,4,3,"3,409","$2,249,000 ",2875 Sugarman Way,LA JOLLA,CA,32862447,-117241256,1/19/2019,16839894,https://www.zillow.com/homedetails/2875-Sugarman-Way-La-Jolla-CA-92037/16839894_zpid/
House for sale,6,5,"2,840","$2,250,000 ",5250 La Jolla Blvd,LA JOLLA,CA,32808005,-117263441,1/19/2019,16907584,https://www.zillow.com/homedetails/5250-La-Jolla-Blvd-La-Jolla-CA-92037/16907584_zpid/
House for sale,4,3,"2,665","$2,250,000 ",6729 Avenida Andorra,LA JOLLA,CA,32833367,-117252327,1/19/2019,16851981,https://www.zillow.com/homedetails/6729-Avenida-Andorra-La-Jolla-CA-92037/16851981_zpid/
House for sale,4,3,"3,097","$2,250,000 ",7355 Caminito Bassano E,LA JOLLA,CA,32841670,-117254882,1/19/2019,16852240,https://www.zillow.com/homedetails/7355-Caminito-Bassano-E-La-Jolla-CA-92037/16852240_zpid/
House for sale,3,3,"2,383","$2,250,000 ",2551 Via Viesta,LA JOLLA,CA,32844634,-117250121,1/19/2019,16851445,https://www.zillow.com/homedetails/2551-Via-Viesta-La-Jolla-CA-92037/16851445_zpid/
House for sale,3,3,"3,000","$2,275,000 ",6698 Caminito Hermitage,LA JOLLA,CA,32837714,-117241680,1/19/2019,16852574,https://www.zillow.com/homedetails/6698-Caminito-Hermitage-La-Jolla-CA-92037/16852574_zpid/
Condo for sale,3,2,"1,271","$2,280,000 ",245 Prospect St UNIT 3,LA JOLLA,CA,32840262,-117280047,1/19/2019,16848619,https://www.zillow.com/homedetails/245-Prospect-St-UNIT-3-La-Jolla-CA-92037/16848619_zpid/
House for sale,3,2,"1,280","$2,295,000 ",5641 Chelsea Ave,LA JOLLA,CA,32814540,-117270779,1/19/2019,16855639,https://www.zillow.com/homedetails/5641-Chelsea-Ave-La-Jolla-CA-92037/16855639_zpid/
House for sale,3,3,"1,870","$2,295,000 ",253 Kolmar St,La Jolla,CA,32827779,-117278642,1/19/2019,2087173857,https://www.zillow.com/homedetails/253-Kolmar-St-La-Jolla-CA-92037/2087173857_zpid/
House for sale,4,3,"2,942","$2,295,000 ",6275 Cardeno Dr,LA JOLLA,CA,32829411,-117246824,1/19/2019,16857665,https://www.zillow.com/homedetails/6275-Cardeno-Dr-La-Jolla-CA-92037/16857665_zpid/
Lot / Land for sale,,,0.77,"$2,350,000 ",2072 Via Casa Alta LOT 15,La Jolla,CA,32839933,-117251004,1/19/2019,2087132714,https://www.zillow.com/homedetails/2072-Via-Casa-Alta-LOT-15-La-Jolla-CA-92037/2087132714_zpid/
Lot / Land for sale,,,0.77,"$2,350,000 ",2072 Via Casa Alta # 15,La Jolla,CA,32839933,-117251004,1/19/2019,2087129963,https://www.zillow.com/homedetails/2072-Via-Casa-Alta-15-La-Jolla-CA-92037/2087129963_zpid/
House for sale,3,3,"3,534","$2,395,000 ",7224 Carrizo Dr,LA JOLLA,CA,32839198,-117259738,1/19/2019,16851547,https://www.zillow.com/homedetails/7224-Carrizo-Dr-La-Jolla-CA-92037/16851547_zpid/
Condo for sale,3,3,"2,312","$2,398,000 ",7603 Draper Ave,La Jolla,CA,32841424,-117276475,1/19/2019,250193800,https://www.zillow.com/homedetails/7603-Draper-Ave-La-Jolla-CA-92037/250193800_zpid/
House for sale,4,3,"3,060","$2,399,900 ",5711 Skylark Pl,LA JOLLA,CA,32818784,-117261860,1/19/2019,16855562,https://www.zillow.com/homedetails/5711-Skylark-Pl-La-Jolla-CA-92037/16855562_zpid/
House for sale,3,2,"1,958","$2,449,000 ",5331 Calumet Ave,LA JOLLA,CA,32808802,-117267773,1/19/2019,16907532,https://www.zillow.com/homedetails/5331-Calumet-Ave-La-Jolla-CA-92037/16907532_zpid/
House for sale,5,4,"3,550","$2,465,000 ",2265 Calle Tiara,LA JOLLA,CA,32824164,-117245612,1/19/2019,16857787,https://www.zillow.com/homedetails/2265-Calle-Tiara-La-Jolla-CA-92037/16857787_zpid/
Condo for sale,2,3,"2,665","$2,475,000 ",464 Prospect St UNIT 608,La Jolla,CA,32842635,-117279139,1/19/2019,2088448945,https://www.zillow.com/homedetails/464-Prospect-St-UNIT-608-La-Jolla-CA-92037/2088448945_zpid/
House for sale,4,4,"3,204","$2,495,000 ",5951 La Jolla Mesa Dr,LA JOLLA,CA,32822583,-117257229,1/19/2019,16856545,https://www.zillow.com/homedetails/5951-La-Jolla-Mesa-Dr-La-Jolla-CA-92037/16856545_zpid/
Condo for sale,2,3,"1,701","$2,495,000 ",1020 Prospect St UNIT 203,La Jolla,CA,32847979,-117274739,1/19/2019,2093122983,https://www.zillow.com/homedetails/1020-Prospect-St-UNIT-203-La-Jolla-CA-92037/2093122983_zpid/
Condo for sale,2,2.5,"1,701","$2,495,000 ",1020 Prospect St UNIT 203,La Jolla,CA,32847979,-117274739,1/19/2019,250194187,https://www.zillow.com/homedetails/1020-Prospect-St-UNIT-203-La-Jolla-CA-92037/250194187_zpid/
House for sale,4,4,"3,401","$2,500,000 ",1031 La Jolla Rancho Rd,LA JOLLA,CA,32819522,-117262071,1/19/2019,16855379,https://www.zillow.com/homedetails/1031-La-Jolla-Rancho-Rd-La-Jolla-CA-92037/16855379_zpid/
House for sale,3,3,"3,868","$2,500,000 ",835 La Jolla Corona Ct,LA JOLLA,CA,32817510,-117264888,1/19/2019,16856385,https://www.zillow.com/homedetails/835-La-Jolla-Corona-Ct-La-Jolla-CA-92037/16856385_zpid/
New construction,4,5,"4,010","$2,548,000 ",2380 Almeria Ct,La Jolla,CA,32820506,-117231424,1/19/2019,2088190718,https://www.zillow.com/homedetails/2380-Almeria-Ct-La-Jolla-CA-92037/2088190718_zpid/
House for sale,4,5,"4,010","$2,548,000 ",2380 Almeria Ct,La Jolla,CA,32820506,-117231424,1/19/2019,250195850,https://www.zillow.com/homedetails/2380-Almeria-Ct-La-Jolla-CA-92037/250195850_zpid/
House for sale,4,3,"2,578","$2,550,000 ",6170 Inspiration Way,LA JOLLA,CA,32824295,-117265542,1/19/2019,16854860,https://www.zillow.com/homedetails/6170-Inspiration-Way-La-Jolla-CA-92037/16854860_zpid/
Auction,3,3.5,"3,437",$2.58M,7242 Romero Dr,LA JOLLA,CA,32840196,-117259516,1/19/2019,16851549,https://www.zillow.com/homedetails/7242-Romero-Dr-La-Jolla-CA-92037/16851549_zpid/
House for sale,4,3,"2,760","$2,595,000 ",2531 Via Viesta,LA JOLLA,CA,32844492,-117250775,1/19/2019,16851439,https://www.zillow.com/homedetails/2531-Via-Viesta-La-Jolla-CA-92037/16851439_zpid/
Coming soon,3,2,"1,800","$3,997,000 ",939 Coast Blvd UNIT 101,LA JOLLA,CA,32848193,-117275946,1/19/2019,49942082,https://www.zillow.com/homedetails/939-Coast-Blvd-UNIT-101-La-Jolla-CA-92037/49942082_zpid/
Coming soon,5,3,"2,843","$4,195,000 ",8588 Prestwick Dr,LA JOLLA,CA,32862901,-117245226,1/19/2019,16839821,https://www.zillow.com/homedetails/8588-Prestwick-Dr-La-Jolla-CA-92037/16839821_zpid/
House for sale,4,5,"3,585","$4,200,000 ",8352 La Jolla Shores Dr,LA JOLLA,CA,32858353,-117253892,1/19/2019,35971902,https://www.zillow.com/homedetails/8352-La-Jolla-Shores-Dr-La-Jolla-CA-92037/35971902_zpid/
House for sale,3,6,"4,812","$4,295,000 ",6105 La Jolla Scenic Dr S,LA JOLLA,CA,32827089,-117253180,1/19/2019,16856465,https://www.zillow.com/homedetails/6105-La-Jolla-Scenic-Dr-S-La-Jolla-CA-92037/16856465_zpid/
Apartment for sale,Studio,--,"3,900","$4,350,000 ",7210 La Jolla Blvd,La Jolla,CA,32835347,-117278025,1/19/2019,2141981427,https://www.zillow.com/homedetails/7210-La-Jolla-Blvd-La-Jolla-CA-92037/2141981427_zpid/
House for sale,5,6,"4,921","$4,395,000 ",1630 Crespo Dr,LA JOLLA,CA,32845001,-117264044,1/19/2019,16848451,https://www.zillow.com/homedetails/1630-Crespo-Dr-La-Jolla-CA-92037/16848451_zpid/
House for sale,5,6,"5,834","$4,395,000 ",7124 Country Club Dr,LA JOLLA,CA,32838110,-117261215,1/19/2019,16851573,https://www.zillow.com/homedetails/7124-Country-Club-Dr-La-Jolla-CA-92037/16851573_zpid/
House for sale,5,5,"6,583","$4,400,000 ",1532 El Camino Del Teatro,LA JOLLA,CA,32830195,-117260954,1/19/2019,16851726,https://www.zillow.com/homedetails/1532-El-Camino-Del-Teatro-La-Jolla-CA-92037/16851726_zpid/
House for sale,4,3,"3,200","$4,450,000 ",7146 La Jolla Scenic Dr S,LA JOLLA,CA,32844488,-117244931,1/19/2019,16852425,https://www.zillow.com/homedetails/7146-La-Jolla-Scenic-Dr-S-La-Jolla-CA-92037/16852425_zpid/
House for sale,4,5,"4,588","$4,450,000 ",1233 Silverado St,LA JOLLA,CA,32846623,-117270660,1/19/2019,16848155,https://www.zillow.com/homedetails/1233-Silverado-St-La-Jolla-CA-92037/16848155_zpid/
Condo for sale,2,3.5,"2,370","$4,495,000 ",1020 Prospect St UNIT 102,La Jolla,CA,32847979,-117274739,1/19/2019,250196456,https://www.zillow.com/homedetails/1020-Prospect-St-UNIT-102-La-Jolla-CA-92037/250196456_zpid/
Condo for sale,2,4,"2,370","$4,495,000 ",1020 Prospect St UNIT 102,La Jolla,CA,32847979,-117274739,1/19/2019,2091314595,https://www.zillow.com/homedetails/1020-Prospect-St-UNIT-102-La-Jolla-CA-92037/2091314595_zpid/
Coming soon,4,5,"4,651","$4,500,000 ",5780 Rutgers Rd,LA JOLLA,CA,32820130,-117255139,1/19/2019,16856626,https://www.zillow.com/homedetails/5780-Rutgers-Rd-La-Jolla-CA-92037/16856626_zpid/
Condo for sale,2,2,"2,444","$4,500,000 ",939 Coast Blvd UNIT 8A,LA JOLLA,CA,32847897,-117276197,1/19/2019,16847706,https://www.zillow.com/homedetails/939-Coast-Blvd-UNIT-8A-La-Jolla-CA-92037/16847706_zpid/
Condo for sale,3,4,"4,478","$4,695,000 ",464 Prospect St # 103,La Jolla,CA,32842635,-117279139,1/19/2019,55104847,https://www.zillow.com/homedetails/464-Prospect-St-103-La-Jolla-CA-92037/55104847_zpid/
House for sale,7,10,"6,900","$4,695,000 ",7740 Eads Ave # 46,La Jolla,CA,32843760,-117276537,1/19/2019,2089118296,https://www.zillow.com/homedetails/7740-Eads-Ave-46-La-Jolla-CA-92037/2089118296_zpid/
House for sale,7,10,"6,900","$4,695,000 ",7740 Eads Ave,La Jolla,CA,32843730,-117276502,1/19/2019,2144458336,https://www.zillow.com/homedetails/7740-Eads-Ave-La-Jolla-CA-92037/2144458336_zpid/
House for sale,7,5,"7,654","$4,750,000 ",5751 Chelsea Ave,LA JOLLA,CA,32816484,-117271980,1/19/2019,16855430,https://www.zillow.com/homedetails/5751-Chelsea-Ave-La-Jolla-CA-92037/16855430_zpid/
House for sale,5,6,"4,215","$4,750,000 ",7712 Hillside Dr,LA JOLLA,CA,32847352,-117259978,1/19/2019,16848287,https://www.zillow.com/homedetails/7712-Hillside-Dr-La-Jolla-CA-92037/16848287_zpid/
House for sale,3,3,"3,056","$4,750,000 ",8258 Prestwick Dr,LA JOLLA,CA,32856446,-117247597,1/19/2019,16838860,https://www.zillow.com/homedetails/8258-Prestwick-Dr-La-Jolla-CA-92037/16838860_zpid/
House for sale,4,4,"4,985","$4,850,000 ",2480 Hidden Valley Rd,LA JOLLA,CA,32848692,-117251526,1/19/2019,16851314,https://www.zillow.com/homedetails/2480-Hidden-Valley-Rd-La-Jolla-CA-92037/16851314_zpid/
House for sale,3,4,"2,596","$4,888,000 ",6611 Neptune Pl,LA JOLLA,CA,32827292,-117279502,1/19/2019,16850329,https://www.zillow.com/homedetails/6611-Neptune-Pl-La-Jolla-CA-92037/16850329_zpid/
House for sale,7,6,"5,966","$4,895,000 ",6230 Calle Majorca,LA JOLLA,CA,32827585,-117260282,1/19/2019,16851760,https://www.zillow.com/homedetails/6230-Calle-Majorca-La-Jolla-CA-92037/16851760_zpid/
House for sale,4,4,"3,732","$4,900,000 ",8217 El Paseo Grande,LA JOLLA,CA,32855621,-117255265,1/19/2019,16838794,https://www.zillow.com/homedetails/8217-El-Paseo-Grande-La-Jolla-CA-92037/16838794_zpid/
Lot / Land for sale,,,1.68,"$5,000,000 ",Country Club Dr # 10,La Jolla,CA,32844400,-117253700,1/19/2019,2086715749,https://www.zillow.com/homedetails/Country-Club-Dr-10-La-Jolla-CA-92037/2086715749_zpid/
Lot / Land for sale,,,1.68,"$5,000,000 ",Country Club Dr LOT 10,La Jolla,CA,32844400,-117253700,1/19/2019,2086716940,https://www.zillow.com/homedetails/Country-Club-Dr-LOT-10-La-Jolla-CA-92037/2086716940_zpid/
House for sale,7,8,"6,238","$5,200,000 ",2151 Calle Guaymas,LA JOLLA,CA,32825623,-117248079,1/19/2019,16857739,https://www.zillow.com/homedetails/2151-Calle-Guaymas-La-Jolla-CA-92037/16857739_zpid/
House for sale,3,5,"4,232","$5,300,000 ",225 Fern Gln,LA JOLLA,CA,32833238,-117280869,1/19/2019,72108698,https://www.zillow.com/homedetails/225-Fern-Gln-La-Jolla-CA-92037/72108698_zpid/
Condo for sale,3,4,"3,778","$5,300,000 ",939 Coast Blvd # 15B/C,La Jolla,CA,32847897,-117276197,1/19/2019,2091474207,https://www.zillow.com/homedetails/939-Coast-Blvd-15B-C-La-Jolla-CA-92037/2091474207_zpid/
House for sale,4,2,"1,983","$5,400,000 ",411 Sea Ridge Dr,LA JOLLA,CA,32808225,-117265757,1/19/2019,16907601,https://www.zillow.com/homedetails/411-Sea-Ridge-Dr-La-Jolla-CA-92037/16907601_zpid/
House for sale,5,7,"6,246","$5,500,000 ",7411 Hillside Dr,LA JOLLA,CA,32844323,-117255122,1/19/2019,16851379,https://www.zillow.com/homedetails/7411-Hillside-Dr-La-Jolla-CA-92037/16851379_zpid/
Condo for sale,2,3,"3,064","$5,550,000 ",1020 Prospect St UNIT 202,La Jolla,CA,32847979,-117274739,1/19/2019,2093309310,https://www.zillow.com/homedetails/1020-Prospect-St-UNIT-202-La-Jolla-CA-92037/2093309310_zpid/
Condo for sale,2,2.5,"3,064","$5,550,000 ",1020 Prospect St UNIT 202,La Jolla,CA,32847979,-117274739,1/19/2019,250194512,https://www.zillow.com/homedetails/1020-Prospect-St-UNIT-202-La-Jolla-CA-92037/250194512_zpid/
Condo for sale,2,3,"2,137","$5,695,000 ",1020 Prospect St PH 5,La Jolla,CA,32847979,-117274739,1/19/2019,2088944135,https://www.zillow.com/homedetails/1020-Prospect-St-PH-5-La-Jolla-CA-92037/2088944135_zpid/
House for sale,6,5,"5,949","$5,850,000 ",925 Havenhurst Dr,LA JOLLA,CA,32823521,-117269139,1/19/2019,16854814,https://www.zillow.com/homedetails/925-Havenhurst-Dr-La-Jolla-CA-92037/16854814_zpid/
Coming soon,7,5,"8,962","$5,950,000 ",9789 Black Gold Rd,LA JOLLA,CA,32884732,-117245628,1/19/2019,16834413,https://www.zillow.com/homedetails/9789-Black-Gold-Rd-La-Jolla-CA-92037/16834413_zpid/
House for sale,6,7,"6,187","$5,975,000 ",6604 Muirlands Dr,LA JOLLA,CA,32832409,-117261492,1/19/2019,112905020,https://www.zillow.com/homedetails/6604-Muirlands-Dr-La-Jolla-CA-92037/112905020_zpid/
House for sale,5,5.5,"5,150","$5,995,000 ",7235 Carrizo Dr,LA JOLLA,CA,32839793,-117259748,1/19/2019,99552956,https://www.zillow.com/homedetails/7235-Carrizo-Dr-La-Jolla-CA-92037/99552956_zpid/
House for sale,4,5,"4,800","$5,999,995 ",1678 Marisma Way,LA JOLLA,CA,32833323,-117258291,1/19/2019,52514265,https://www.zillow.com/homedetails/1678-Marisma-Way-La-Jolla-CA-92037/52514265_zpid/
House for sale,6,8,"5,101","$6,000,000 ",7940 Costebelle Way,LA JOLLA,CA,32852232,-117244607,1/19/2019,87616911,https://www.zillow.com/homedetails/7940-Costebelle-Way-La-Jolla-CA-92037/87616911_zpid/
Condo for sale,3,3,"2,427","$6,395,000 ",1020 Prospect St STE 350,La Jolla,CA,32847985,-117274751,1/19/2019,2095373606,https://www.zillow.com/homedetails/1020-Prospect-St-STE-350-La-Jolla-CA-92037/2095373606_zpid/
House for sale,4,5,"4,647","$6,475,000 ",8316 Prestwick Dr,LA JOLLA,CA,32857450,-117247838,1/19/2019,16838670,https://www.zillow.com/homedetails/8316-Prestwick-Dr-La-Jolla-CA-92037/16838670_zpid/
House for sale,5,7,"6,256","$6,495,000 ",6125 Terryhill Dr,LA JOLLA,CA,32823310,-117266423,1/19/2019,16855007,https://www.zillow.com/homedetails/6125-Terryhill-Dr-La-Jolla-CA-92037/16855007_zpid/
House for sale,6,8,"5,825","$6,495,000 ",1977 Paseo Dorado,LA JOLLA,CA,32851736,-117259056,1/19/2019,16839162,https://www.zillow.com/homedetails/1977-Paseo-Dorado-La-Jolla-CA-92037/16839162_zpid/
House for sale,6,7,"6,979","$6,900,000 ",1090 Solymar Dr,LA JOLLA,CA,32825834,-117266395,1/19/2019,16851177,https://www.zillow.com/homedetails/1090-Solymar-Dr-La-Jolla-CA-92037/16851177_zpid/
Condo for sale,3,4,"3,724","$6,995,000 ",353 Coast Blvd,LA JOLLA,CA,32841952,-117280859,1/19/2019,111435037,https://www.zillow.com/homedetails/353-Coast-Blvd-La-Jolla-CA-92037/111435037_zpid/
House for sale,5,6,"5,213","$6,999,000 ",1257 Silverado St,LA JOLLA,CA,32846882,-117270275,1/19/2019,16848158,https://www.zillow.com/homedetails/1257-Silverado-St-La-Jolla-CA-92037/16848158_zpid/
House for sale,4,7,"8,849","$7,588,000 ",7750 Lookout Dr,LA JOLLA,CA,32848495,-117259332,1/19/2019,61677715,https://www.zillow.com/homedetails/7750-Lookout-Dr-La-Jolla-CA-92037/61677715_zpid/
Condo for sale,2,4,"2,647","$7,595,000 ",1020 Prospect St STE 1,La Jolla,CA,32847985,-117274751,1/19/2019,2089114185,https://www.zillow.com/homedetails/1020-Prospect-St-STE-1-La-Jolla-CA-92037/2089114185_zpid/
House for sale,4,8,"7,611","$7,900,000 ",7930 Costebelle Way,LA JOLLA,CA,32851968,-117244835,1/19/2019,87616910,https://www.zillow.com/homedetails/7930-Costebelle-Way-La-Jolla-CA-92037/87616910_zpid/
House for sale,4,4,"2,565","$2,645,000 ",5621 Beaumont Ave,LA JOLLA,CA,32814783,-117267598,1/19/2019,16855694,https://www.zillow.com/homedetails/5621-Beaumont-Ave-La-Jolla-CA-92037/16855694_zpid/
House for sale,3,2,"1,650","$2,650,000 ",8425 Paseo Del Ocaso,LA JOLLA,CA,32859609,-117254169,1/19/2019,16838445,https://www.zillow.com/homedetails/8425-Paseo-Del-Ocaso-La-Jolla-CA-92037/16838445_zpid/
House for sale,3,4,"2,115","$2,695,000 ",5606 Dolphin Pl,LA JOLLA,CA,32814042,-117271106,1/19/2019,16855626,https://www.zillow.com/homedetails/5606-Dolphin-Pl-La-Jolla-CA-92037/16855626_zpid/
House for sale,5,4,"4,145","$2,695,000 ",1032 Skylark Dr,LA JOLLA,CA,32817557,-117261079,1/19/2019,16855837,https://www.zillow.com/homedetails/1032-Skylark-Dr-La-Jolla-CA-92037/16855837_zpid/
House for sale,3,3,"2,344","$2,698,000 ",5648 Linda Rosa Ave,LA JOLLA,CA,32815848,-117264625,1/19/2019,16855774,https://www.zillow.com/homedetails/5648-Linda-Rosa-Ave-La-Jolla-CA-92037/16855774_zpid/
House for sale,4,5,"3,096","$2,698,000 ",374 Bonair St,LA JOLLA,CA,32830815,-117278134,1/19/2019,63519658,https://www.zillow.com/homedetails/374-Bonair-St-La-Jolla-CA-92037/63519658_zpid/
House for sale,3,3,"2,515","$2,750,000 ",1299 Virginia Way,LA JOLLA,CA,32843859,-117268839,1/19/2019,16848753,https://www.zillow.com/homedetails/1299-Virginia-Way-La-Jolla-CA-92037/16848753_zpid/
Lot / Land for sale,,,--,"$2,795,000 ",6389 Castejon Dr # 86,La Jolla,CA,32832544,-117249273,1/19/2019,2086933197,https://www.zillow.com/homedetails/6389-Castejon-Dr-86-La-Jolla-CA-92037/2086933197_zpid/
House for sale,6,6,"6,608","$2,795,000 ",6389 Castejon Dr,LA JOLLA,CA,32832544,-117249273,1/19/2019,16851849,https://www.zillow.com/homedetails/6389-Castejon-Dr-La-Jolla-CA-92037/16851849_zpid/
Lot / Land for sale,,,"10,890","$2,795,000 ",6389 Castejon Dr LOT 86,La Jolla,CA,32832544,-117249273,1/19/2019,2086933775,https://www.zillow.com/homedetails/6389-Castejon-Dr-LOT-86-La-Jolla-CA-92037/2086933775_zpid/
Condo for sale,2,3,"1,779","$2,795,000 ",1020 Prospect St,La Jolla,CA,32847979,-117274739,1/19/2019,2088964437,https://www.zillow.com/homedetails/1020-Prospect-St-La-Jolla-CA-92037/2088964437_zpid/
House for sale,5,7,"4,198","$2,795,000 ",7721 Hillside Dr,LA JOLLA,CA,32847630,-117259420,1/19/2019,16851231,https://www.zillow.com/homedetails/7721-Hillside-Dr-La-Jolla-CA-92037/16851231_zpid/
House for sale,4,6,"2,686","$2,799,000 ",5543 Waverly Ave,La Jolla,CA,32813829,-117265428,1/19/2019,2087868281,https://www.zillow.com/homedetails/5543-Waverly-Ave-La-Jolla-CA-92037/2087868281_zpid/
House for sale,4,3,"3,501","$2,825,000 ",2915 Woodford Dr,LA JOLLA,CA,32849165,-117240783,1/19/2019,16840088,https://www.zillow.com/homedetails/2915-Woodford-Dr-La-Jolla-CA-92037/16840088_zpid/
House for sale,5,3,"6,059","$2,839,000 ",8051 La Jolla Scenic Dr N,LA JOLLA,CA,32852217,-117238625,1/19/2019,16840056,https://www.zillow.com/homedetails/8051-La-Jolla-Scenic-Dr-N-La-Jolla-CA-92037/16840056_zpid/
Coming soon,3,5,"3,303","$2,850,000 ",7363 Eads Ave,LA JOLLA,CA,32838205,-117273982,1/19/2019,16849245,https://www.zillow.com/homedetails/7363-Eads-Ave-La-Jolla-CA-92037/16849245_zpid/
House for sale,5,6,"3,777","$2,890,000 ",1526 Bluebird Ln,LA JOLLA,CA,32847394,-117266618,1/19/2019,16848082,https://www.zillow.com/homedetails/1526-Bluebird-Ln-La-Jolla-CA-92037/16848082_zpid/
House for sale,5,4,"3,446","$2,900,000 ",1191 Avenida Amantea,LA JOLLA,CA,32819259,-117259910,1/19/2019,16855587,https://www.zillow.com/homedetails/1191-Avenida-Amantea-La-Jolla-CA-92037/16855587_zpid/
House for sale,4,5,"4,182","$2,950,000 ",1951 Bahia Way,LA JOLLA,CA,32818630,-117239839,1/19/2019,16857165,https://www.zillow.com/homedetails/1951-Bahia-Way-La-Jolla-CA-92037/16857165_zpid/
House for sale,4,4,"4,337","$2,950,000 ",7770 Starlight Dr,LA JOLLA,CA,32850139,-117243149,1/19/2019,16839761,https://www.zillow.com/homedetails/7770-Starlight-Dr-La-Jolla-CA-92037/16839761_zpid/
House for sale,5,4,"2,747","$2,950,000 ",8445 Avenida De Las Ondas,LA JOLLA,CA,32860968,-117251122,1/19/2019,16838560,https://www.zillow.com/homedetails/8445-Avenida-De-Las-Ondas-La-Jolla-CA-92037/16838560_zpid/
Lot / Land for sale,,,0.46,"$2,995,000 ",1136 Muirlands Dr,LA JOLLA,CA,32826963,-117265979,1/19/2019,99466775,https://www.zillow.com/homedetails/1136-Muirlands-Dr-La-Jolla-CA-92037/99466775_zpid/
Lot / Land for sale,,,0.46,"$2,995,000 ",1136 Muirlands Dr LOT 19,La Jolla,CA,32826963,-117265979,1/19/2019,2088576004,https://www.zillow.com/homedetails/1136-Muirlands-Dr-LOT-19-La-Jolla-CA-92037/2088576004_zpid/
House for sale,7,10,"12,940","$2,995,000 ",1247 Inspiration Dr,LA JOLLA,CA,32824682,-117264613,1/19/2019,16854876,https://www.zillow.com/homedetails/1247-Inspiration-Dr-La-Jolla-CA-92037/16854876_zpid/
Lot / Land for sale,,,0.46,"$2,995,000 ",1136 Muirlands Dr # 19,La Jolla,CA,32826963,-117265979,1/19/2019,2088570249,https://www.zillow.com/homedetails/1136-Muirlands-Dr-19-La-Jolla-CA-92037/2088570249_zpid/
House for sale,5,7,"4,419","$2,995,000 ",7096 Caminito Valverde,LA JOLLA,CA,32837235,-117255628,1/19/2019,16852131,https://www.zillow.com/homedetails/7096-Caminito-Valverde-La-Jolla-CA-92037/16852131_zpid/
Coming soon,4,4,"2,556","$2,995,000 ",7370 Rue Michael,LA JOLLA,CA,32843404,-117251622,1/19/2019,16851631,https://www.zillow.com/homedetails/7370-Rue-Michael-La-Jolla-CA-92037/16851631_zpid/
House for sale,4,5,"3,719","$2,995,000 ",1246 Virginia Way,LA JOLLA,CA,32843764,-117269892,1/19/2019,16848384,https://www.zillow.com/homedetails/1246-Virginia-Way-La-Jolla-CA-92037/16848384_zpid/
House for sale,4,4,"3,588","$2,998,000 ",1034 Havenhurst Dr,LA JOLLA,CA,32824382,-117267173,1/19/2019,16854844,https://www.zillow.com/homedetails/1034-Havenhurst-Dr-La-Jolla-CA-92037/16854844_zpid/
House for sale,4,4,"2,750","$3,095,000 ",8384 La Jolla Shores Dr,LA JOLLA,CA,32858908,-117253858,1/19/2019,16838623,https://www.zillow.com/homedetails/8384-La-Jolla-Shores-Dr-La-Jolla-CA-92037/16838623_zpid/
House for sale,4,4,"3,127","$3,149,000 ",9455 Poole St,LA JOLLA,CA,32871688,-117244242,1/19/2019,16834949,https://www.zillow.com/homedetails/9455-Poole-St-La-Jolla-CA-92037/16834949_zpid/
Lot / Land for sale,,,1.37,"$3,195,000 ",6083 La Jolla Scenic Dr S LOT S,La Jolla,CA,32825218,-117252710,1/19/2019,2086806973,https://www.zillow.com/homedetails/6083-La-Jolla-Scenic-Dr-S-LOT-S-La-Jolla-CA-92037/2086806973_zpid/
Lot / Land for sale,,,1.37,"$3,195,000 ",6083 La Jolla Scenic Dr S,LA JOLLA,CA,32825218,-117252710,1/19/2019,16856478,https://www.zillow.com/homedetails/6083-La-Jolla-Scenic-Dr-S-La-Jolla-CA-92037/16856478_zpid/
House for sale,4,4,"3,250","$3,195,000 ",7154 Eads Ave,La Jolla,CA,32836140,-117273780,1/19/2019,2088716746,https://www.zillow.com/homedetails/7154-Eads-Ave-La-Jolla-CA-92037/2088716746_zpid/
House for sale,3,4,"3,000","$3,200,000 ",8030 El Paseo Grande,LA JOLLA,CA,32853327,-117256088,1/19/2019,16839018,https://www.zillow.com/homedetails/8030-El-Paseo-Grande-La-Jolla-CA-92037/16839018_zpid/
House for sale,5,4,"3,460","$3,275,000 ",5341 Chelsea St,LA JOLLA,CA,32809723,-117266018,1/19/2019,16907566,https://www.zillow.com/homedetails/5341-Chelsea-St-La-Jolla-CA-92037/16907566_zpid/
House for sale,3,3,"2,971","$3,295,000 ",5663 Chelsea Ave,LA JOLLA,CA,32814996,-117271059,1/19/2019,16855636,https://www.zillow.com/homedetails/5663-Chelsea-Ave-La-Jolla-CA-92037/16855636_zpid/
House for sale,6,5,"4,757","$3,295,000 ",331 Playa Del Norte,LA JOLLA,CA,32829541,-117278433,1/19/2019,61239759,https://www.zillow.com/homedetails/331-Playa-Del-Norte-La-Jolla-CA-92037/61239759_zpid/
Condo for sale,3,3,"2,075","$3,295,000 ",203 Rosemont St,LA JOLLA,CA,32826796,-117279386,1/19/2019,16850332,https://www.zillow.com/homedetails/203-Rosemont-St-La-Jolla-CA-92037/16850332_zpid/
Lot / Land for sale,,,0.27,"$3,295,000 ",6947 Country Club Dr # 5,La Jolla,CA,32836447,-117260505,1/19/2019,2087065176,https://www.zillow.com/homedetails/6947-Country-Club-Dr-5-La-Jolla-CA-92037/2087065176_zpid/
Lot / Land for sale,,,0.27,"$3,295,000 ",6947 Country Club Dr LOT 5,La Jolla,CA,32836447,-117260505,1/19/2019,2087067839,https://www.zillow.com/homedetails/6947-Country-Club-Dr-LOT-5-La-Jolla-CA-92037/2087067839_zpid/
House for sale,4,5,"3,670","$3,295,000 ",342 Playa Del Sur,La Jolla,CA,32829619,-117278179,1/19/2019,61239761,https://www.zillow.com/homedetails/342-Playa-Del-Sur-La-Jolla-CA-92037/61239761_zpid/
Lot / Land for sale,,,0.27,"$3,295,000 ",6947 Country Club Dr,LA JOLLA,CA,32836447,-117260505,1/19/2019,16851582,https://www.zillow.com/homedetails/6947-Country-Club-Dr-La-Jolla-CA-92037/16851582_zpid/
Lot / Land for sale,,,"7,405","$3,300,000 ",1271 Cave St LOT 51/27,La Jolla,CA,32847898,-117270578,1/19/2019,2088947267,https://www.zillow.com/homedetails/1271-Cave-St-LOT-51-27-La-Jolla-CA-92037/2088947267_zpid/
Lot / Land for sale,,,"7,405","$3,300,000 ",1271 Cave St # 51/27,La Jolla,CA,32847898,-117270578,1/19/2019,2093239078,https://www.zillow.com/homedetails/1271-Cave-St-51-27-La-Jolla-CA-92037/2093239078_zpid/
Lot / Land for sale,,,"7,405","$3,300,000 ",1271 Cave St,LA JOLLA,CA,32847898,-117270578,1/19/2019,16848019,https://www.zillow.com/homedetails/1271-Cave-St-La-Jolla-CA-92037/16848019_zpid/
House for sale,5,5,"5,080","$3,350,000 ",7695 Hillside Dr,LA JOLLA,CA,32846688,-117259092,1/19/2019,16851264,https://www.zillow.com/homedetails/7695-Hillside-Dr-La-Jolla-CA-92037/16851264_zpid/
House for sale,5,6,"4,554","$3,450,000 ",5931 Citadel Cir,LA JOLLA,CA,32823822,-117255923,1/19/2019,16856564,https://www.zillow.com/homedetails/5931-Citadel-Cir-La-Jolla-CA-92037/16856564_zpid/
House for sale,4,3,"3,744","$3,485,000 ",2312 Camino Del Collado,LA JOLLA,CA,32861779,-117252859,1/19/2019,16838508,https://www.zillow.com/homedetails/2312-Camino-Del-Collado-La-Jolla-CA-92037/16838508_zpid/
House for sale,5,6,"4,028","$3,488,000 ",6151 La Pintura Dr,LA JOLLA,CA,32826756,-117250858,1/19/2019,16856498,https://www.zillow.com/homedetails/6151-La-Pintura-Dr-La-Jolla-CA-92037/16856498_zpid/
House for sale,5,5,"4,210","$3,495,000 ",6741 Avenida Manana,LA JOLLA,CA,32832136,-117266251,1/19/2019,16850245,https://www.zillow.com/homedetails/6741-Avenida-Manana-La-Jolla-CA-92037/16850245_zpid/
House for sale,5,3,"2,232","$3,499,000 ",8418 Paseo Del Ocaso,LA JOLLA,CA,32859426,-117254691,1/19/2019,16838434,https://www.zillow.com/homedetails/8418-Paseo-Del-Ocaso-La-Jolla-CA-92037/16838434_zpid/
House for sale,6,6.5,"5,950","$3,500,000 ",946 Havenhurst Dr,LA JOLLA,CA,32824182,-117268315,1/19/2019,16854826,https://www.zillow.com/homedetails/946-Havenhurst-Dr-La-Jolla-CA-92037/16854826_zpid/
House for sale,3,3,"1,645","$3,500,000 ",2049 Paseo Dorado,LA JOLLA,CA,32852373,-117256562,1/19/2019,16839228,https://www.zillow.com/homedetails/2049-Paseo-Dorado-La-Jolla-CA-92037/16839228_zpid/
Condo for sale,2,2,"2,680","$3,550,000 ",939 Coast Blvd UNIT 14A,LA JOLLA,CA,32847897,-117276197,1/19/2019,16847748,https://www.zillow.com/homedetails/939-Coast-Blvd-UNIT-14A-La-Jolla-CA-92037/16847748_zpid/
Coming soon,4,5,"3,174","$3,550,000 ",1730 Valdes Dr,LA JOLLA,CA,32845108,-117260839,1/19/2019,16848833,https://www.zillow.com/homedetails/1730-Valdes-Dr-La-Jolla-CA-92037/16848833_zpid/
Coming soon,5,3,"3,095","$3,595,000 ",7770 Sierra Mar Dr,LA JOLLA,CA,32847932,-117261808,1/19/2019,16848276,https://www.zillow.com/homedetails/7770-Sierra-Mar-Dr-La-Jolla-CA-92037/16848276_zpid/
House for sale,6,8,"6,353","$3,650,000 ",6364 La Pintura Dr,LA JOLLA,CA,32830426,-117252893,1/19/2019,16851805,https://www.zillow.com/homedetails/6364-La-Pintura-Dr-La-Jolla-CA-92037/16851805_zpid/
House for sale,5,7,"4,880","$3,685,000 ",5594 Soledad Rd,LA JOLLA,CA,32820590,-117241064,1/19/2019,16856734,https://www.zillow.com/homedetails/5594-Soledad-Rd-La-Jolla-CA-92037/16856734_zpid/
House for sale,6,7,"6,182","$3,695,000 ",934 La Jolla Rancho Rd,LA JOLLA,CA,32820203,-117264250,1/19/2019,16855328,https://www.zillow.com/homedetails/934-La-Jolla-Rancho-Rd-La-Jolla-CA-92037/16855328_zpid/
House for sale,3,4,"3,440","$3,695,000 ",2006 Olite Ct,La Jolla,CA,32830450,-117252112,1/19/2019,16851817,https://www.zillow.com/homedetails/2006-Olite-Ct-La-Jolla-CA-92037/16851817_zpid/
House for sale,5,6,"4,276","$3,750,000 ",9525 La Jolla Farms Rd,LA JOLLA,CA,32876922,-117244265,1/19/2019,16834469,https://www.zillow.com/homedetails/9525-La-Jolla-Farms-Rd-La-Jolla-CA-92037/16834469_zpid/
House for sale,5,5,"4,620","$3,799,000 ",5943 Folsom Dr,LA JOLLA,CA,32820711,-117268758,1/19/2019,52514337,https://www.zillow.com/homedetails/5943-Folsom-Dr-La-Jolla-CA-92037/52514337_zpid/
Condo for sale,3,3,"2,900","$3,850,000 ",939 Coast Blvd UNIT 7A,LA JOLLA,CA,32847897,-117276197,1/19/2019,16847697,https://www.zillow.com/homedetails/939-Coast-Blvd-UNIT-7A-La-Jolla-CA-92037/16847697_zpid/
House for sale,4,6,"3,856","$3,875,000 ",1224 Virginia Way,LA JOLLA,CA,32843505,-117270113,1/19/2019,16848382,https://www.zillow.com/homedetails/1224-Virginia-Way-La-Jolla-CA-92037/16848382_zpid/
House for sale,4,5,"4,106","$3,880,000 ",7480 Country Club Dr,LA JOLLA,CA,32842154,-117264144,1/19/2019,16849121,https://www.zillow.com/homedetails/7480-Country-Club-Dr-La-Jolla-CA-92037/16849121_zpid/
House for sale,5,5,"3,615","$3,895,000 ",1208 Virginia Way,LA JOLLA,CA,32843203,-117270280,1/19/2019,16848380,https://www.zillow.com/homedetails/1208-Virginia-Way-La-Jolla-CA-92037/16848380_zpid/
House for sale,4,4,"3,769","$3,895,000 ",8360 La Jolla Shores Dr,LA JOLLA,CA,32858489,-117253886,1/19/2019,16838622,https://www.zillow.com/homedetails/8360-La-Jolla-Shores-Dr-La-Jolla-CA-92037/16838622_zpid/
House for sale,5,5,"2,937","$3,900,000 ",355 Via Del Norte,LA JOLLA,CA,32822634,-117276670,1/19/2019,16854714,https://www.zillow.com/homedetails/355-Via-Del-Norte-La-Jolla-CA-92037/16854714_zpid/
House for sale,5,6,"3,558","$3,950,000 ",1876 Little St,La Jolla,CA,32850054,-117259416,1/19/2019,2087620090,https://www.zillow.com/homedetails/1876-Little-St-La-Jolla-CA-92037/2087620090_zpid/
House for sale,5,5,"5,956","$3,995,000 ",838 Forward St,LA JOLLA,CA,32815337,-117263763,1/19/2019,16856030,https://www.zillow.com/homedetails/838-Forward-St-La-Jolla-CA-92037/16856030_zpid/
House for sale,5,8,"6,847","$3,995,000 ",1640 El Camino Del Teatro,LA JOLLA,CA,32829430,-117258347,1/19/2019,16851396,https://www.zillow.com/homedetails/1640-El-Camino-Del-Teatro-La-Jolla-CA-92037/16851396_zpid/
House for sale,6,5,"4,462","$3,995,000 ",7228 Eads Ave,La Jolla,CA,32836433,-117274142,1/19/2019,2097495725,https://www.zillow.com/homedetails/7228-Eads-Ave-La-Jolla-CA-92037/2097495725_zpid/
House for sale,6,9,"5,761","$3,995,000 ",6665 Via Estrada,LA JOLLA,CA,32832312,-117254895,1/19/2019,16852043,https://www.zillow.com/homedetails/6665-Via-Estrada-La-Jolla-CA-92037/16852043_zpid/
House for sale,5,5,"3,800","$3,995,000 ",1545 Virginia Way,La Jolla,CA,32846907,-117265792,1/19/2019,99546935,https://www.zillow.com/homedetails/1545-Virginia-Way-La-Jolla-CA-92037/99546935_zpid/
Lot / Land for sale,,,"10,890","$1,375,000 ",1510 Copa De Oro Dr # 84,La Jolla,CA,32818174,-117256125,1/19/2019,2094356457,https://www.zillow.com/homedetails/1510-Copa-De-Oro-Dr-84-La-Jolla-CA-92037/2094356457_zpid/
Condo for sale,2,2,992,"$1,395,000 ",457 Coast Blvd UNIT 403,LA JOLLA,CA,32843201,-117280089,1/19/2019,16848298,https://www.zillow.com/homedetails/457-Coast-Blvd-UNIT-403-La-Jolla-CA-92037/16848298_zpid/
House for sale,3,3,"2,786","$1,397,000 ",6013 Oakgate Row,LA JOLLA,CA,32830691,-117235786,1/19/2019,16858133,https://www.zillow.com/homedetails/6013-Oakgate-Row-La-Jolla-CA-92037/16858133_zpid/
Condo for sale,2,2,992,"$1,425,000 ",457 Coast Blvd UNIT 503,LA JOLLA,CA,32843201,-117280089,1/19/2019,16848301,https://www.zillow.com/homedetails/457-Coast-Blvd-UNIT-503-La-Jolla-CA-92037/16848301_zpid/
House for sale,4,4,"2,939","$1,449,000 ",6037 Greenhedge Row,LA JOLLA,CA,32830450,-117234341,1/19/2019,16858175,https://www.zillow.com/homedetails/6037-Greenhedge-Row-La-Jolla-CA-92037/16858175_zpid/
House for sale,3,2,"2,518","$1,449,000 ",6083 Oakgate Row,LA JOLLA,CA,32831510,-117234881,1/19/2019,16858128,https://www.zillow.com/homedetails/6083-Oakgate-Row-La-Jolla-CA-92037/16858128_zpid/
House for sale,4,3,"2,508","$1,450,000 ",2331 Bahia Dr,LA JOLLA,CA,32821539,-117241716,1/19/2019,16856911,https://www.zillow.com/homedetails/2331-Bahia-Dr-La-Jolla-CA-92037/16856911_zpid/
House for sale,4,3,"1,811","$1,459,000 ",7904 Calle De La Plata,LA JOLLA,CA,32850367,-117256185,1/19/2019,16839251,https://www.zillow.com/homedetails/7904-Calle-De-La-Plata-La-Jolla-CA-92037/16839251_zpid/
House for sale,4,2,"2,648","$1,475,000 ",5735 Soledad Mountain Rd,LA JOLLA,CA,32825065,-117236573,1/19/2019,16856996,https://www.zillow.com/homedetails/5735-Soledad-Mountain-Rd-La-Jolla-CA-92037/16856996_zpid/
House for sale,3,2,"1,179","$1,495,000 ",539 Westbourne St,LA JOLLA,CA,32832793,-117275991,1/19/2019,16849919,https://www.zillow.com/homedetails/539-Westbourne-St-La-Jolla-CA-92037/16849919_zpid/
House for sale,3,3,"1,855","$1,495,000 ",714 Bonair Way,LA JOLLA,CA,32831925,-117273715,1/19/2019,70597107,https://www.zillow.com/homedetails/714-Bonair-Way-La-Jolla-CA-92037/70597107_zpid/
Coming soon,3,2,"1,729","$1,495,000 ",743 Bonair Way APT A,LA JOLLA,CA,32831774,-117272956,1/19/2019,16850048,https://www.zillow.com/homedetails/743-Bonair-Way-APT-A-La-Jolla-CA-92037/16850048_zpid/
House for sale,4,3,"1,945","$1,498,000 ",6752 Tyrian St,La Jolla,CA,32829963,-117276080,1/19/2019,2110940541,https://www.zillow.com/homedetails/6752-Tyrian-St-La-Jolla-CA-92037/2110940541_zpid/
House for sale,5,3,"1,995","$1,499,000 ",5270 Vickie Dr,SAN DIEGO,CA,32812582,-117247054,1/19/2019,16912232,https://www.zillow.com/homedetails/5270-Vickie-Dr-San-Diego-CA-92109/16912232_zpid/
Condo for sale,2,2,"1,194","$1,500,000 ",220 Coast Blvd UNIT 1B,LA JOLLA,CA,32839776,-117281614,1/19/2019,16848891,https://www.zillow.com/homedetails/220-Coast-Blvd-UNIT-1B-La-Jolla-CA-92037/16848891_zpid/
Auction,4,2.5,"2,377",$1.53M,1040 Van Nuys St,SAN DIEGO,CA,32812720,-117255478,1/19/2019,52515705,https://www.zillow.com/homedetails/1040-Van-Nuys-St-San-Diego-CA-92109/52515705_zpid/
House for sale,4,3,"2,699","$1,550,000 ",1329 Caminito Faro,LA JOLLA,CA,32816029,-117251168,1/19/2019,16858394,https://www.zillow.com/homedetails/1329-Caminito-Faro-La-Jolla-CA-92037/16858394_zpid/
House for sale,2,1,830,"$1,550,000 ",6520 Tyrian St,LA JOLLA,CA,32827509,-117275364,1/19/2019,16850470,https://www.zillow.com/homedetails/6520-Tyrian-St-La-Jolla-CA-92037/16850470_zpid/
House for sale,4,3,"2,826","$1,550,000 ",1699 Nautilus St,LA JOLLA,CA,32831632,-117258829,1/19/2019,16851744,https://www.zillow.com/homedetails/1699-Nautilus-St-La-Jolla-CA-92037/16851744_zpid/
Condo for sale,4,3,"2,685","$1,575,000 ",9712 Claiborne Sq,LA JOLLA,CA,32881757,-117245572,1/19/2019,17204077,https://www.zillow.com/homedetails/9712-Claiborne-Sq-La-Jolla-CA-92037/17204077_zpid/
House for sale,5,4,"3,107","$1,579,000 ",6005 Hillpointe Row,LA JOLLA,CA,32830370,-117235585,1/19/2019,16858162,https://www.zillow.com/homedetails/6005-Hillpointe-Row-La-Jolla-CA-92037/16858162_zpid/
House for sale,3,1,"1,190","$1,595,000 ",835 Midway St,LA JOLLA,CA,32813640,-117261831,1/19/2019,16856244,https://www.zillow.com/homedetails/835-Midway-St-La-Jolla-CA-92037/16856244_zpid/
Condo for sale,2,2,"1,941","$1,595,000 ",1001 Genter St UNIT 8D,La Jolla,CA,32836669,-117271026,1/19/2019,16849645,https://www.zillow.com/homedetails/1001-Genter-St-UNIT-8D-La-Jolla-CA-92037/16849645_zpid/
House for sale,3,4,"2,020","$1,595,000 ",1315 Torrey Pines Rd,LA JOLLA,CA,32844865,-117269376,1/19/2019,16848399,https://www.zillow.com/homedetails/1315-Torrey-Pines-Rd-La-Jolla-CA-92037/16848399_zpid/
House for sale,4,3,"2,652","$1,595,000 ",7345 Draper Ave,LA JOLLA,CA,32837755,-117275033,1/19/2019,16851219,https://www.zillow.com/homedetails/7345-Draper-Ave-La-Jolla-CA-92037/16851219_zpid/
Lot / Land for sale,,,1.12,"$7,995,000 ",1120 Muirlands Dr,LA JOLLA,CA,32827194,-117265405,1/19/2019,54906529,https://www.zillow.com/homedetails/1120-Muirlands-Dr-La-Jolla-CA-92037/54906529_zpid/
Lot / Land for sale,,,1.12,"$7,995,000 ",1120 Muirlands Dr # LOTS,La Jolla,CA,32827194,-117265405,1/19/2019,2087663228,https://www.zillow.com/homedetails/1120-Muirlands-Dr-LOTS-La-Jolla-CA-92037/2087663228_zpid/
Lot / Land for sale,,,1.12,"$7,995,000 ",1120 Muirlands Dr LOT LOTS,La Jolla,CA,32827194,-117265405,1/19/2019,2087664555,https://www.zillow.com/homedetails/1120-Muirlands-Dr-LOT-LOTS-La-Jolla-CA-92037/2087664555_zpid/
Lot / Land for sale,,,5,"$7,995,000 ",7792 Senn Way LOT 1-A,La Jolla,CA,32843728,-117248666,1/19/2019,2088947035,https://www.zillow.com/homedetails/7792-Senn-Way-LOT-1-A-La-Jolla-CA-92037/2088947035_zpid/
Lot / Land for sale,,,4,"$7,995,000 ",7792 Senn Way,La Jolla,CA,32843728,-117248666,1/19/2019,2090741864,https://www.zillow.com/homedetails/7792-Senn-Way-La-Jolla-CA-92037/2090741864_zpid/
House for sale,5,5,"8,236","$8,400,000 ",6092 Avenida Chamnez,LA JOLLA,CA,32823740,-117263195,1/19/2019,79571545,https://www.zillow.com/homedetails/6092-Avenida-Chamnez-La-Jolla-CA-92037/79571545_zpid/
House for sale,5,9,"8,700","$8,600,000 ",6404 La Jolla Scenic Dr S,LA JOLLA,CA,32831317,-117252959,1/19/2019,16851792,https://www.zillow.com/homedetails/6404-La-Jolla-Scenic-Dr-S-La-Jolla-CA-92037/16851792_zpid/
House for sale,6,10,"10,828","$8,800,000 ",5811 Rutgers Rd,LA JOLLA,CA,32820940,-117254481,1/19/2019,16856558,https://www.zillow.com/homedetails/5811-Rutgers-Rd-La-Jolla-CA-92037/16856558_zpid/
House for sale,7,7,"7,570","$8,998,000 ",6001 La Jolla Scenic Dr S,LA JOLLA,CA,32824812,-117254816,1/19/2019,120796128,https://www.zillow.com/homedetails/6001-La-Jolla-Scenic-Dr-S-La-Jolla-CA-92037/120796128_zpid/
House for sale,5,5,"6,280","$9,499,000 ",7430 Hillside Dr,LA JOLLA,CA,32844031,-117255827,1/19/2019,99478271,https://www.zillow.com/homedetails/7430-Hillside-Dr-La-Jolla-CA-92037/99478271_zpid/
House for sale,6,7,"7,356","$9,895,000 ",2608 Crown Crest Ln,LA JOLLA,CA,32884343,-117248145,1/19/2019,16834405,https://www.zillow.com/homedetails/2608-Crown-Crest-Ln-La-Jolla-CA-92037/16834405_zpid/
House for sale,2,3,"3,627","$9,900,000 ",939 Coast Blvd # 21DE,La Jolla,CA,32847897,-117276197,1/19/2019,2087794477,https://www.zillow.com/homedetails/939-Coast-Blvd-21DE-La-Jolla-CA-92037/2087794477_zpid/
House for sale,4,7,"4,863","$9,995,000 ",7404 Hillside Dr,LA JOLLA,CA,32843556,-117255484,1/19/2019,16851384,https://www.zillow.com/homedetails/7404-Hillside-Dr-La-Jolla-CA-92037/16851384_zpid/
House for sale,4,4,"6,059","$10,095,000 ",1585 Coast Walk,LA JOLLA,CA,32848368,-117266090,1/19/2019,16848063,https://www.zillow.com/homedetails/1585-Coast-Walk-La-Jolla-CA-92037/16848063_zpid/
House for sale,3,4.5,"3,124","$10,495,000 ",6653 Neptune Pl,LA JOLLA,CA,32827818,-117279626,1/19/2019,16850262,https://www.zillow.com/homedetails/6653-Neptune-Pl-La-Jolla-CA-92037/16850262_zpid/
Coming soon,7,10,"10,423","$10,900,000 ",7356 Brodiaea Way,LA JOLLA,CA,32841858,-117259890,1/19/2019,16851506,https://www.zillow.com/homedetails/7356-Brodiaea-Way-La-Jolla-CA-92037/16851506_zpid/
House for sale,3,5,"3,323","$11,590,000 ",7076 Neptune Pl,LA JOLLA,CA,32833205,-117281667,1/19/2019,16849688,https://www.zillow.com/homedetails/7076-Neptune-Pl-La-Jolla-CA-92037/16849688_zpid/
House for sale,8,10,"13,575","$13,500,000 ",1640 La Jolla Rancho Rd,LA JOLLA,CA,32826070,-117257630,1/19/2019,16856426,https://www.zillow.com/homedetails/1640-La-Jolla-Rancho-Rd-La-Jolla-CA-92037/16856426_zpid/
House for sale,7,10,"8,328","$15,995,000 ",7400 Vista Del Mar Ave,LA JOLLA,CA,32837058,-117280997,1/19/2019,16849126,https://www.zillow.com/homedetails/7400-Vista-Del-Mar-Ave-La-Jolla-CA-92037/16849126_zpid/
House for sale,5,7,"8,627","$19,500,000 ",9828 La Jolla Farms Rd,LA JOLLA,CA,32883825,-117251256,1/19/2019,16834392,https://www.zillow.com/homedetails/9828-La-Jolla-Farms-Rd-La-Jolla-CA-92037/16834392_zpid/
Lot / Land for sale,,,22.2,"$20,000,000 ",Country Club Dr LOT 11,La Jolla,CA,32844400,-117253700,1/19/2019,2086716939,https://www.zillow.com/homedetails/Country-Club-Dr-LOT-11-La-Jolla-CA-92037/2086716939_zpid/
Lot / Land for sale,,,22.2,"$20,000,000 ",Country Club Dr # 11,La Jolla,CA,32844400,-117253700,1/19/2019,2086715748,https://www.zillow.com/homedetails/Country-Club-Dr-11-La-Jolla-CA-92037/2086715748_zpid/
House for sale,6,11,"12,000","$29,500,000 ",1369 Coast Walk,La Jolla,CA,32848985,-117269738,1/19/2019,2089445597,https://www.zillow.com/homedetails/1369-Coast-Walk-La-Jolla-CA-92037/2089445597_zpid/
House for sale,6,6,"11,954","$30,000,000 ",9826 La Jolla Farms Rd,LA JOLLA,CA,32884175,-117250817,1/19/2019,16834391,https://www.zillow.com/homedetails/9826-La-Jolla-Farms-Rd-La-Jolla-CA-92037/16834391_zpid/
Pre-foreclosure,11,7,"4,331",,18th St,SANTA MONICA,CA,34020410,-118474070,1/19/2019,251377604,https://www.zillow.com/homedetail/AuthRequired.htm?r=pfc&zpid=251377604
Pre-foreclosure,2,2,"1,028",,Ozone St,SANTA MONICA,CA,34001014,-118473736,1/19/2019,250784434,https://www.zillow.com/homedetail/AuthRequired.htm?r=pfc&zpid=250784434
Pre-foreclosure / Auction,2,2,"1,326",,20th St,SANTA MONICA,CA,34021980,-118472160,1/19/2019,135405654,https://www.zillow.com/homedetail/AuthRequired.htm?r=pfc&zpid=135405654
Pre-foreclosure / Auction,3,2,"1,449",,Virginia Ave,SANTA MONICA,CA,34021770,-118469140,1/19/2019,250655940,https://www.zillow.com/homedetail/AuthRequired.htm?r=pfc&zpid=250655940
Pre-foreclosure,1,1,614,,Appian Way APT 101,SANTA MONICA,CA,34009828,-118494295,1/19/2019,250960030,https://www.zillow.com/homedetail/AuthRequired.htm?r=pfc&zpid=250960030
Pre-foreclosure / Auction,3,2,"1,319",,18th St APT 7,SANTA MONICA,CA,34032580,-118488320,1/19/2019,135405749,https://www.zillow.com/homedetail/AuthRequired.htm?r=pfc&zpid=135405749
Pre-foreclosure,3,2,"1,230",,11th St,SANTA MONICA,CA,34005360,-118470800,1/19/2019,251316883,https://www.zillow.com/homedetail/AuthRequired.htm?r=pfc&zpid=251316883
Pre-foreclosure,2,1,970,,Navy St,SANTA MONICA,CA,34009630,-118457000,1/19/2019,191087837,https://www.zillow.com/homedetail/AuthRequired.htm?r=pfc&zpid=191087837
Pre-foreclosure,1,2,"1,146",,Ocean Park Blvd UNIT 205,SANTA MONICA,CA,34001900,-118484470,1/19/2019,243990381,https://www.zillow.com/homedetail/AuthRequired.htm?r=pfc&zpid=243990381
Pre-foreclosure,5,3,"2,430",,Centinela Ave,SANTA MONICA,CA,34035970,-118464640,1/19/2019,245349926,https://www.zillow.com/homedetail/AuthRequired.htm?r=pfc&zpid=245349926
Pre-foreclosure,5,3,"2,689",,Stanford St,SANTA MONICA,CA,34041030,-118477900,1/19/2019,250589269,https://www.zillow.com/homedetail/AuthRequired.htm?r=pfc&zpid=250589269
Pre-foreclosure,2,3,"2,076",,2nd St APT 2,SANTA MONICA,CA,34000000,-118480450,1/19/2019,249966839,https://www.zillow.com/homedetail/AuthRequired.htm?r=pfc&zpid=249966839
Pre-foreclosure,4,4,"2,540",,Navy St,SANTA MONICA,CA,34001100,-118474530,1/19/2019,249647055,https://www.zillow.com/homedetail/AuthRequired.htm?r=pfc&zpid=249647055
Pre-foreclosure,2,2,804,,4th St APT 5,SANTA MONICA,CA,34004130,-118483250,1/19/2019,248769995,https://www.zillow.com/homedetail/AuthRequired.htm?r=pfc&zpid=248769995
Pre-foreclosure,4,1,"1,518",,Ashland Ave,SANTA MONICA,CA,34005360,-118470800,1/19/2019,245349958,https://www.zillow.com/homedetail/AuthRequired.htm?r=pfc&zpid=245349958
Pre-foreclosure,3,3,"1,412",,Oak St UNIT 1,SANTA MONICA,CA,34013510,-118462910,1/19/2019,248450130,https://www.zillow.com/homedetail/AuthRequired.htm?r=pfc&zpid=248450130
Pre-foreclosure,2,2,"1,011",,7th St APT 6,SANTA MONICA,CA,34024170,-118498710,1/19/2019,247162308,https://www.zillow.com/homedetail/AuthRequired.htm?r=pfc&zpid=247162308
Pre-foreclosure,3,3,"2,010",,Ocean Park Blvd,SANTA MONICA,CA,34005020,-118479660,1/19/2019,246026598,https://www.zillow.com/homedetail/AuthRequired.htm?r=pfc&zpid=246026598
Pre-foreclosure / Auction,2,3,"1,352",,9th St UNIT 7,Santa Monica,CA,34017200,-118488690,1/19/2019,245849267,https://www.zillow.com/homedetail/AuthRequired.htm?r=pfc&zpid=245849267
Auction,2,2,"1,337",$600K,1021 12th St APT 102,SANTA MONICA,CA,34027730,-118493114,1/19/2019,20478722,https://www.zillow.com/homedetails/1021-12th-St-APT-102-Santa-Monica-CA-90403/20478722_zpid/
Condo for sale,Studio,1,378,"$625,000 ",757 Ocean Ave UNIT 104,SANTA MONICA,CA,34022679,-118507386,1/19/2019,20486692,https://www.zillow.com/homedetails/757-Ocean-Ave-UNIT-104-Santa-Monica-CA-90402/20486692_zpid/
Condo for sale,1,1,651,"$650,000 ",2311 4th St APT 311,SANTA MONICA,CA,34006688,-118483560,1/19/2019,20484220,https://www.zillow.com/homedetails/2311-4th-St-APT-311-Santa-Monica-CA-90405/20484220_zpid/
Condo for sale,1,1,640,"$655,000 ",1141 26th St APT D,SANTA MONICA,CA,34036761,-118477842,1/19/2019,20469857,https://www.zillow.com/homedetails/1141-26th-St-APT-D-Santa-Monica-CA-90403/20469857_zpid/
Condo for sale,1,1,704,"$665,000 ",2311 4th St APT 108,SANTA MONICA,CA,34006688,-118483560,1/19/2019,20484177,https://www.zillow.com/homedetails/2311-4th-St-APT-108-Santa-Monica-CA-90405/20484177_zpid/
Condo for sale,1,1,693,"$689,999 ",1224 Euclid St APT 204,Santa Monica,CA,34025251,-118489430,1/19/2019,20479465,https://www.zillow.com/homedetails/1224-Euclid-St-APT-204-Santa-Monica-CA-90404/20479465_zpid/
House for sale,3,2,828,"$1,598,800 ",1415 23rd St,SANTA MONICA,CA,34030470,-118476875,1/19/2019,20473919,https://www.zillow.com/homedetails/1415-23rd-St-Santa-Monica-CA-90404/20473919_zpid/
Apartment for sale,3,3,"2,072","$1,625,000 ",1044 Ocean Park Blvd APT C,Santa Monica,CA,34007990,-118473830,1/19/2019,2089178741,https://www.zillow.com/homedetails/1044-Ocean-Park-Blvd-APT-C-Santa-Monica-CA-90405/2089178741_zpid/
Townhouse for sale,3,3,"1,660","$1,625,000 ",1433 14th St APT 19,Santa Monica,CA,34023758,-118485051,1/19/2019,250348077,https://www.zillow.com/homedetails/1433-14th-St-APT-19-Santa-Monica-CA-90404/250348077_zpid/
Condo for sale,2,3,"1,668","$1,695,000 ",907 Lincoln Blvd UNIT 102,SANTA MONICA,CA,34026250,-118498755,1/19/2019,20479243,https://www.zillow.com/homedetails/907-Lincoln-Blvd-UNIT-102-Santa-Monica-CA-90403/20479243_zpid/
Townhouse for sale,2,3,"1,925","$1,750,000 ",812 16th St UNIT 1,SANTA MONICA,CA,34033132,-118493121,1/19/2019,20478271,https://www.zillow.com/homedetails/812-16th-St-UNIT-1-Santa-Monica-CA-90403/20478271_zpid/
House for sale,3,3,"1,574","$1,799,999 ",2809 Virginia Ave,SANTA MONICA,CA,34026955,-118462987,1/19/2019,20471142,https://www.zillow.com/homedetails/2809-Virginia-Ave-Santa-Monica-CA-90404/20471142_zpid/
House for sale,2,1,788,"$1,800,000 ",1124 Broadway,SANTA MONICA,CA,34020759,-118486269,1/19/2019,20479804,https://www.zillow.com/homedetails/1124-Broadway-Santa-Monica-CA-90401/20479804_zpid/
Lot / Land for sale,,,"5,222","$1,800,000 ",2219 Virginia Ave,SANTA MONICA,CA,34022598,-118468443,1/19/2019,20473741,https://www.zillow.com/homedetails/2219-Virginia-Ave-Santa-Monica-CA-90404/20473741_zpid/
House for sale,3,3,"2,000","$1,815,000 ",804 Navy St,SANTA MONICA,CA,34002649,-118471407,1/19/2019,20483257,https://www.zillow.com/homedetails/804-Navy-St-Santa-Monica-CA-90405/20483257_zpid/
Condo for sale,3,2,"1,401","$1,875,000 ",311 Ocean Ave UNIT 104,SANTA MONICA,CA,34026037,-118512491,1/19/2019,20485985,https://www.zillow.com/homedetails/311-Ocean-Ave-UNIT-104-Santa-Monica-CA-90402/20485985_zpid/
Condo for sale,2,3,"1,630","$1,925,000 ",1035 19th St # 103,SANTA MONICA,CA,34032798,-118486166,1/19/2019,82774702,https://www.zillow.com/homedetails/1035-19th-St-103-Santa-Monica-CA-90403/82774702_zpid/
Lot / Land for sale,,,"7,762","$1,950,000 ",1927 17th St,SANTA MONICA,CA,34019251,-118473985,1/19/2019,20473612,https://www.zillow.com/homedetails/1927-17th-St-Santa-Monica-CA-90404/20473612_zpid/
Condo for sale,2,3,"1,422","$1,950,000 ",811 19th St APT 2,SANTA MONICA,CA,34035912,-118489809,1/19/2019,119919344,https://www.zillow.com/homedetails/811-19th-St-APT-2-Santa-Monica-CA-90403/119919344_zpid/
Lot / Land for sale,,,"5,183","$1,985,000 ",2217 Pearl St,SANTA MONICA,CA,34018373,-118464934,1/19/2019,20472935,https://www.zillow.com/homedetails/2217-Pearl-St-Santa-Monica-CA-90405/20472935_zpid/
Apartment for sale,Studio,--,"2,964","$1,995,000 ",1142 24th St,SANTA MONICA,CA,34034345,-118480669,1/19/2019,20474192,https://www.zillow.com/homedetails/1142-24th-St-Santa-Monica-CA-90403/20474192_zpid/
House for sale,Studio,--,"3,930","$1,995,000 ",920 Marine St,SANTA MONICA,CA,34003325,-118470504,1/19/2019,20481792,https://www.zillow.com/homedetails/920-Marine-St-Santa-Monica-CA-90405/20481792_zpid/
Apartment for sale,4,4,"1,924","$1,995,000 ",1256 Chelsea Ave,SANTA MONICA,CA,34033352,-118477942,1/19/2019,20474516,https://www.zillow.com/homedetails/1256-Chelsea-Ave-Santa-Monica-CA-90404/20474516_zpid/
Apartment for sale,3,4,"2,016","$1,999,950 ",1738 9th St,SANTA MONICA,CA,34014882,-118484692,1/19/2019,20479936,https://www.zillow.com/homedetails/1738-9th-St-Santa-Monica-CA-90404/20479936_zpid/
For sale by owner,2,3,"1,715","$2,000,000 ",1422 19th St APT A,SANTA MONICA,CA,34027172,-118480626,1/19/2019,20474075,https://www.zillow.com/homedetails/1422-19th-St-APT-A-Santa-Monica-CA-90404/20474075_zpid/
House for sale,2,1,830,"$2,095,000 ",2433 6th St,SANTA MONICA,CA,34006400,-118480747,1/19/2019,20482375,https://www.zillow.com/homedetails/2433-6th-St-Santa-Monica-CA-90405/20482375_zpid/
Townhouse for sale,3,3,"1,796","$2,095,000 ",2011 Idaho Ave,Santa Monica,CA,34035774,-118487800,1/19/2019,2146219931,https://www.zillow.com/homedetails/2011-Idaho-Ave-Santa-Monica-CA-90403/2146219931_zpid/
Condo for sale,2,2,"1,254","$2,149,000 ",1755 Ocean Ave APT 203,Santa Monica,CA,34008694,-118491089,1/19/2019,2101140965,https://www.zillow.com/homedetails/1755-Ocean-Ave-APT-203-Santa-Monica-CA-90401/2101140965_zpid/
Condo for sale,3,3,"1,745","$2,150,000 ",201 Ocean Ave # 401-02P,Santa Monica,CA,34027070,-118514980,1/19/2019,2091065447,https://www.zillow.com/homedetails/201-Ocean-Ave-401-02P-Santa-Monica-CA-90402/2091065447_zpid/
Apartment for sale,Studio,--,"2,496","$2,150,000 ",1332 Ocean Park Blvd,SANTA MONICA,CA,34009830,-118470751,1/19/2019,20480941,https://www.zillow.com/homedetails/1332-Ocean-Park-Blvd-Santa-Monica-CA-90405/20480941_zpid/
Apartment for sale,Studio,--,"2,496","$2,150,000 ",1336 Ocean Park Blvd,SANTA MONICA,CA,34009909,-118470616,1/19/2019,20480942,https://www.zillow.com/homedetails/1336-Ocean-Park-Blvd-Santa-Monica-CA-90405/20480942_zpid/
Coming soon,3,3,"2,232","$2,800,000 ",1040 4th St UNIT 404,SANTA MONICA,CA,34020762,-118500763,1/19/2019,20485355,https://www.zillow.com/homedetails/1040-4th-St-UNIT-404-Santa-Monica-CA-90403/20485355_zpid/
Apartment for sale,10,8,"5,356","$2,825,000 ",1939 17th St,Santa Monica,CA,34018955,-118473640,1/19/2019,2103330836,https://www.zillow.com/homedetails/1939-17th-St-Santa-Monica-CA-90404/2103330836_zpid/
Condo for sale,2,2.5,"1,900","$2,850,000 ",515 Ocean Ave UNIT 508S,SANTA MONICA,CA,34024712,-118510194,1/19/2019,20486308,https://www.zillow.com/homedetails/515-Ocean-Ave-UNIT-508S-Santa-Monica-CA-90402/20486308_zpid/
Condo for sale,2,2,"1,574","$2,850,000 ",1705 Ocean Ave UNIT 411,Santa Monica,CA,34010669,-118491469,1/19/2019,2087192092,https://www.zillow.com/homedetails/1705-Ocean-Ave-UNIT-411-Santa-Monica-CA-90401/2087192092_zpid/
House for sale,4,3,"2,394","$2,875,000 ",1325 Cedar St,SANTA MONICA,CA,34012272,-118473515,1/19/2019,20480670,https://www.zillow.com/homedetails/1325-Cedar-St-Santa-Monica-CA-90405/20480670_zpid/
Apartment for sale,6,6,"3,557","$2,899,000 ",3017 Colorado Ave,SANTA MONICA,CA,34034281,-118467196,1/19/2019,20470695,https://www.zillow.com/homedetails/3017-Colorado-Ave-Santa-Monica-CA-90404/20470695_zpid/
Condo for sale,2,3,"2,000","$2,995,000 ",1705 Ocean Ave UNIT 208,Santa Monica,CA,34009520,-118492600,1/19/2019,2103461998,https://www.zillow.com/homedetails/1705-Ocean-Ave-UNIT-208-Santa-Monica-CA-90401/2103461998_zpid/
House for sale,3,2.75,"1,858","$2,995,000 ",1039 25th St,SANTA MONICA,CA,34037448,-118480275,1/19/2019,20475431,https://www.zillow.com/homedetails/1039-25th-St-Santa-Monica-CA-90403/20475431_zpid/
Condo for sale,3,4,"2,260","$2,995,000 ",1032 3rd St APT 104,SANTA MONICA,CA,34020143,-118501882,1/19/2019,80390914,https://www.zillow.com/homedetails/1032-3rd-St-APT-104-Santa-Monica-CA-90403/80390914_zpid/
Apartment for sale,9,8,"5,650","$2,995,000 ",1426 Princeton St,Santa Monica,CA,34033268,-118473027,1/19/2019,2100312364,https://www.zillow.com/homedetails/1426-Princeton-St-Santa-Monica-CA-90404/2100312364_zpid/
Condo for sale,2,3,"1,600","$3,095,000 ",1755 Ocean Ave APT 702,Santa Monica,CA,34008694,-118491089,1/19/2019,2102860744,https://www.zillow.com/homedetails/1755-Ocean-Ave-APT-702-Santa-Monica-CA-90401/2102860744_zpid/
Condo for sale,2,3,"1,700","$3,150,000 ",1755 Ocean Ave APT 301,Santa Monica,CA,34008694,-118491089,1/19/2019,2103823356,https://www.zillow.com/homedetails/1755-Ocean-Ave-APT-301-Santa-Monica-CA-90401/2103823356_zpid/
Condo for sale,3,3,"2,010","$3,188,000 ",1007 Ocean Ave UNIT 403,Santa Monica,CA,34019542,-118503805,1/19/2019,20485789,https://www.zillow.com/homedetails/1007-Ocean-Ave-UNIT-403-Santa-Monica-CA-90403/20485789_zpid/
Apartment for sale,6,5,"4,075","$3,200,000 ",1704 Washington Ave,SANTA MONICA,CA,34031896,-118488773,1/19/2019,20475755,https://www.zillow.com/homedetails/1704-Washington-Ave-Santa-Monica-CA-90403/20475755_zpid/
Apartment for sale,Studio,--,"4,098","$3,250,000 ",1411 Cloverfield Blvd,Santa Monica,CA,34030927,-118476486,1/19/2019,135380871,https://www.zillow.com/homedetails/1411-Cloverfield-Blvd-Santa-Monica-CA-90404/135380871_zpid/
Apartment for sale,8,6,"4,500","$3,250,000 ",2201 Oak St,Santa Monica,CA,34014542,-118462161,1/19/2019,250332660,https://www.zillow.com/homedetails/2201-Oak-St-Santa-Monica-CA-90405/250332660_zpid/
Apartment for sale,4,4,"2,603","$3,295,000 ",2602 3rd St,SANTA MONICA,CA,34002671,-118482161,1/19/2019,20482538,https://www.zillow.com/homedetails/2602-3rd-St-Santa-Monica-CA-90405/20482538_zpid/
Apartment for sale,5,6,"3,414","$3,300,000 ",1318 Yale St,Santa Monica,CA,34036286,-118472876,1/19/2019,2087260539,https://www.zillow.com/homedetails/1318-Yale-St-Santa-Monica-CA-90404/2087260539_zpid/
Apartment for sale,15,15,"7,556","$3,395,000 ",1451 Franklin St,Santa Monica,CA,34036962,-118467067,1/19/2019,2086477145,https://www.zillow.com/homedetails/1451-Franklin-St-Santa-Monica-CA-90404/2086477145_zpid/
Condo for sale,3,3,"1,554","$3,400,000 ",201 Ocean Ave UNIT B1504,Santa Monica,CA,34026899,-118514025,1/19/2019,2104450856,https://www.zillow.com/homedetails/201-Ocean-Ave-UNIT-B1504-Santa-Monica-CA-90402/2104450856_zpid/
Apartment for sale,8,8,"4,668","$3,400,000 ",834 Grant St,Santa Monica,CA,34011276,-118480051,1/19/2019,2086807822,https://www.zillow.com/homedetails/834-Grant-St-Santa-Monica-CA-90405/2086807822_zpid/
Apartment for sale,9,8,"4,856","$3,450,000 ",1927 Cloverfield Blvd,Santa Monica,CA,34023991,-118468080,1/19/2019,2094619149,https://www.zillow.com/homedetails/1927-Cloverfield-Blvd-Santa-Monica-CA-90404/2094619149_zpid/
House for sale,5,5,"4,000","$3,499,000 ",2714 Washington Ave,SANTA MONICA,CA,34039598,-118479129,1/19/2019,20469799,https://www.zillow.com/homedetails/2714-Washington-Ave-Santa-Monica-CA-90403/20469799_zpid/
Apartment for sale,16,13,"8,910","$3,500,000 ",1345 18th St,Santa Monica,CA,34027793,-118482131,1/19/2019,2108557181,https://www.zillow.com/homedetails/1345-18th-St-Santa-Monica-CA-90404/2108557181_zpid/
House for sale,Studio,--,--,"$3,650,000 ",1528 11th St,Santa Monica,CA,34019603,-118486513,1/19/2019,2093318190,https://www.zillow.com/homedetails/1528-11th-St-Santa-Monica-CA-90401/2093318190_zpid/
Condo for sale,2,2,"1,284","$1,175,000 ",511 San Vicente Blvd UNIT 201,SANTA MONICA,CA,34031001,-118509755,1/19/2019,20485929,https://www.zillow.com/homedetails/511-San-Vicente-Blvd-UNIT-201-Santa-Monica-CA-90402/20485929_zpid/
Townhouse for sale,2,3,"1,734","$1,175,000 ",1337 Centinela Ave APT 3,Santa Monica,CA,34038986,-118468655,1/19/2019,20470372,https://www.zillow.com/homedetails/1337-Centinela-Ave-APT-3-Santa-Monica-CA-90404/20470372_zpid/
Townhouse for sale,3,3,"1,452","$1,195,000 ",2022 Delaware Ave APT 6,Santa Monica,CA,34022143,-118471204,1/19/2019,20473705,https://www.zillow.com/homedetails/2022-Delaware-Ave-APT-6-Santa-Monica-CA-90404/20473705_zpid/
Condo for sale,2,2,"1,193","$1,195,000 ",320 Pacific St APT 2,SANTA MONICA,CA,34006871,-118485051,1/19/2019,20484502,https://www.zillow.com/homedetails/320-Pacific-St-APT-2-Santa-Monica-CA-90405/20484502_zpid/
House for sale,2,2,"1,263","$1,199,000 ",2223 California Ave,SANTA MONICA,CA,34034747,-118482729,1/19/2019,20475531,https://www.zillow.com/homedetails/2223-California-Ave-Santa-Monica-CA-90403/20475531_zpid/
Townhouse for sale,2,3,"1,483","$1,199,000 ",1254 24th St APT 3,SANTA MONICA,CA,34032700,-118478747,1/19/2019,65236603,https://www.zillow.com/homedetails/1254-24th-St-APT-3-Santa-Monica-CA-90404/65236603_zpid/
Condo for sale,2,2,"1,031","$1,200,000 ",425 Idaho Ave APT 7,SANTA MONICA,CA,34023861,-118502546,1/19/2019,51582531,https://www.zillow.com/homedetails/425-Idaho-Ave-APT-7-Santa-Monica-CA-90403/51582531_zpid/
Townhouse for sale,2,2,"1,100","$1,202,000 ",2615 6th St # 7,SANTA MONICA,CA,34005041,-118478787,1/19/2019,20482658,https://www.zillow.com/homedetails/2615-6th-St-7-Santa-Monica-CA-90405/20482658_zpid/
Condo for sale,3,3,"1,526","$1,250,000 ",906 20th St # A,SANTA MONICA,CA,34035066,-118487990,1/19/2019,20475174,https://www.zillow.com/homedetails/906-20th-St-A-Santa-Monica-CA-90403/20475174_zpid/
House for sale,2,1,798,"$1,297,000 ",2617 7th St,SANTA MONICA,CA,34005880,-118476958,1/19/2019,20482712,https://www.zillow.com/homedetails/2617-7th-St-Santa-Monica-CA-90405/20482712_zpid/
Townhouse for sale,3,3,"1,487","$1,349,000 ",1133 24th St APT 1,SANTA MONICA,CA,34034896,-118480425,1/19/2019,20474160,https://www.zillow.com/homedetails/1133-24th-St-APT-1-Santa-Monica-CA-90403/20474160_zpid/
Condo for sale,2,3,"1,669","$1,395,000 ",1128 15th St APT 1,Santa Monica,CA,34028064,-118489035,1/19/2019,20478414,https://www.zillow.com/homedetails/1128-15th-St-APT-1-Santa-Monica-CA-90403/20478414_zpid/
House for sale,3,1,704,"$1,445,000 ",3014 7th St,SANTA MONICA,CA,34002537,-118474243,1/19/2019,20483135,https://www.zillow.com/homedetails/3014-7th-St-Santa-Monica-CA-90405/20483135_zpid/
Townhouse for sale,2,3,"1,771","$1,449,000 ",2020 6th St APT 2,SANTA MONICA,CA,34009458,-118484538,1/19/2019,20484333,https://www.zillow.com/homedetails/2020-6th-St-APT-2-Santa-Monica-CA-90405/20484333_zpid/
Condo for sale,1,1,906,"$1,450,000 ",201 Ocean Ave UNIT B1803,Santa Monica,CA,34027275,-118514640,1/19/2019,2112003187,https://www.zillow.com/homedetails/201-Ocean-Ave-UNIT-B1803-Santa-Monica-CA-90402/2112003187_zpid/
Condo for sale,2,3,"2,075","$1,479,000 ",1140 Chelsea Ave APT D,Santa Monica,CA,34035043,-118479917,1/19/2019,20474185,https://www.zillow.com/homedetails/1140-Chelsea-Ave-APT-D-Santa-Monica-CA-90403/20474185_zpid/
House for sale,2,2,"1,376","$1,489,000 ",2937 Delaware Ave,SANTA MONICA,CA,34028272,-118461133,1/19/2019,20471188,https://www.zillow.com/homedetails/2937-Delaware-Ave-Santa-Monica-CA-90404/20471188_zpid/
House for sale,2,1,854,"$1,495,000 ",2021 Idaho Ave,SANTA MONICA,CA,34036042,-118487519,1/19/2019,20474861,https://www.zillow.com/homedetails/2021-Idaho-Ave-Santa-Monica-CA-90403/20474861_zpid/
Apartment for sale,3,2,"1,397","$1,499,999 ",1248 25th St,SANTA MONICA,CA,34034162,-118477321,1/19/2019,20474565,https://www.zillow.com/homedetails/1248-25th-St-Santa-Monica-CA-90404/20474565_zpid/
Townhouse for sale,2,3,"1,342","$1,545,000 ",838 10th St APT 3,SANTA MONICA,CA,34028090,-118498285,1/19/2019,59893612,https://www.zillow.com/homedetails/838-10th-St-APT-3-Santa-Monica-CA-90403/59893612_zpid/
House for sale,3,3,"1,230","$1,549,000 ",2906 11th St,SANTA MONICA,CA,34005767,-118471436,1/19/2019,20481505,https://www.zillow.com/homedetails/2906-11th-St-Santa-Monica-CA-90405/20481505_zpid/
Condo for sale,3,4,"1,885","$1,549,000 ",1128 17th St APT E,SANTA MONICA,CA,34029597,-118487144,1/19/2019,20478167,https://www.zillow.com/homedetails/1128-17th-St-APT-E-Santa-Monica-CA-90403/20478167_zpid/
Townhouse for sale,2,3,"1,709","$1,559,000 ",954 20th St,SANTA MONICA,CA,34034081,-118486839,1/19/2019,20475181,https://www.zillow.com/homedetails/954-20th-St-Santa-Monica-CA-90403/20475181_zpid/
House for sale,3,2,"1,753","$1,590,000 ",2425 20th St,SANTA MONICA,CA,34015341,-118465605,1/19/2019,20473294,https://www.zillow.com/homedetails/2425-20th-St-Santa-Monica-CA-90405/20473294_zpid/
Apartment for sale,Studio,--,"1,260","$1,595,000 ",1813 11th St,SANTA MONICA,CA,34016003,-118481259,1/19/2019,20480015,https://www.zillow.com/homedetails/1813-11th-St-Santa-Monica-CA-90404/20480015_zpid/
Apartment for sale,17,15,"7,684","$5,099,000 ",1239 12th St,Santa Monica,CA,34024630,-118489487,1/19/2019,2088553757,https://www.zillow.com/homedetails/1239-12th-St-Santa-Monica-CA-90401/2088553757_zpid/
Condo for sale,2,3,"2,015","$5,300,000 ",603 Ocean Ave UNIT 3S,SANTA MONICA,CA,34024020,-118509002,1/19/2019,20486891,https://www.zillow.com/homedetails/603-Ocean-Ave-UNIT-3S-Santa-Monica-CA-90402/20486891_zpid/
House for sale,6,6,"4,265","$5,400,000 ",26 Arcadia Ter,SANTA MONICA,CA,34009578,-118493725,1/19/2019,20484705,https://www.zillow.com/homedetails/26-Arcadia-Ter-Santa-Monica-CA-90401/20484705_zpid/
Townhouse for sale,5,7,"6,400","$5,490,000 ",633 12th St,SANTA MONICA,CA,34031908,-118498001,1/19/2019,20478000,https://www.zillow.com/homedetails/633-12th-St-Santa-Monica-CA-90402/20478000_zpid/
Lot / Land for sale,,,0.29,"$5,500,000 ",1628 Georgina Ave,SANTA MONICA,CA,34040772,-118500217,1/19/2019,20476977,https://www.zillow.com/homedetails/1628-Georgina-Ave-Santa-Monica-CA-90402/20476977_zpid/
House for sale,5,5,"4,643","$5,525,000 ",335 24th St,SANTA MONICA,CA,34045611,-118491450,1/19/2019,20475919,https://www.zillow.com/homedetails/335-24th-St-Santa-Monica-CA-90402/20475919_zpid/
Apartment for sale,18,18,"10,352","$5,650,000 ",1122 9th St APT 9,Santa Monica,CA,34023562,-118494825,1/19/2019,2127420113,https://www.zillow.com/homedetails/1122-9th-St-APT-9-Santa-Monica-CA-90403/2127420113_zpid/
House for sale,6,8,"6,344","$5,795,000 ",840 23rd St,SANTA MONICA,CA,34038065,-118485970,1/19/2019,20474806,https://www.zillow.com/homedetails/840-23rd-St-Santa-Monica-CA-90403/20474806_zpid/
Apartment for sale,14,16,"8,738","$5,800,000 ",941 10th St,Santa Monica,CA,34027092,-118496053,1/19/2019,2105104619,https://www.zillow.com/homedetails/941-10th-St-Santa-Monica-CA-90403/2105104619_zpid/
House for sale,5,7,"5,035","$5,999,000 ",231 19th St,Santa Monica,CA,34042881,-118498547,1/19/2019,20476686,https://www.zillow.com/homedetails/231-19th-St-Santa-Monica-CA-90402/20476686_zpid/
Coming soon,3,3,"2,399","$6,250,000 ",1705 Ocean # 501,Los Angeles,CA,34014864,-118497908,1/19/2019,2086382520,https://www.zillow.com/homedetails/1705-Ocean-501-Los-Angeles-CA-90401/2086382520_zpid/
House for sale,6,7,"6,522","$6,350,000 ",342 12th St,SANTA MONICA,CA,34034985,-118502661,1/19/2019,20477563,https://www.zillow.com/homedetails/342-12th-St-Santa-Monica-CA-90402/20477563_zpid/
House for sale,4,4,"3,800","$6,486,000 ",902 Berkeley St,SANTA MONICA,CA,34043429,-118477623,1/19/2019,20469343,https://www.zillow.com/homedetails/902-Berkeley-St-Santa-Monica-CA-90403/20469343_zpid/
Make me move,5,7,"4,288","$6,500,000 ",334 25th St,SANTA MONICA,CA,34045652,-118490831,1/19/2019,20475909,https://www.zillow.com/homedetails/334-25th-St-Santa-Monica-CA-90402/20475909_zpid/
House for sale,5,6,"4,800","$6,575,000 ",945 Berkeley St,SANTA MONICA,CA,34043114,-118476309,1/19/2019,20469398,https://www.zillow.com/homedetails/945-Berkeley-St-Santa-Monica-CA-90403/20469398_zpid/
House for sale,5,4,"3,547","$6,995,000 ",318 Georgina Ave,SANTA MONICA,CA,34027507,-118509630,1/19/2019,20486249,https://www.zillow.com/homedetails/318-Georgina-Ave-Santa-Monica-CA-90402/20486249_zpid/
Apartment for sale,1,2,"14,399","$7,600,000 ",1901 6th St,Santa Monica,CA,34011060,-118484683,1/19/2019,2091998553,https://www.zillow.com/homedetails/1901-6th-St-Santa-Monica-CA-90405/2091998553_zpid/
Condo for sale,3,4,"2,900","$8,750,000 ",110 Ocean Park Blvd UNIT 505,SANTA MONICA,CA,34000887,-118484662,1/19/2019,20483916,https://www.zillow.com/homedetails/110-Ocean-Park-Blvd-UNIT-505-Santa-Monica-CA-90405/20483916_zpid/
House for sale,5,3,"3,867","$8,950,000 ",505 Georgina Ave,SANTA MONICA,CA,34029760,-118508489,1/19/2019,20486037,https://www.zillow.com/homedetails/505-Georgina-Ave-Santa-Monica-CA-90402/20486037_zpid/
House for sale,4,6,"4,443","$10,950,000 ",1347 Palisades Beach Rd,SANTA MONICA,CA,34013771,-118499243,1/19/2019,20484777,https://www.zillow.com/homedetails/1347-Palisades-Beach-Rd-Santa-Monica-CA-90401/20484777_zpid/
House for sale,5,10,"10,114","$10,995,000 ",617 Georgina Ave,SANTA MONICA,CA,34030733,-118507385,1/19/2019,20486032,https://www.zillow.com/homedetails/617-Georgina-Ave-Santa-Monica-CA-90402/20486032_zpid/
House for sale,3,6,"8,228","$10,995,000 ",1415 6th St,Santa Monica,CA,34017845,-118492607,1/19/2019,2086759123,https://www.zillow.com/homedetails/1415-6th-St-Santa-Monica-CA-90401/2086759123_zpid/
Condo for sale,3,5,"4,950","$12,999,000 ",1755 Ocean Ave,Santa Monica,CA,34008694,-118491089,1/19/2019,2103296310,https://www.zillow.com/homedetails/1755-Ocean-Ave-Santa-Monica-CA-90401/2103296310_zpid/
Apartment for sale,4,4,"15,005","$16,000,000 ",1045 Ocean Ave,Santa Monica,CA,34018829,-118502970,1/19/2019,2098763539,https://www.zillow.com/homedetails/1045-Ocean-Ave-Santa-Monica-CA-90403/2098763539_zpid/
Apartment for sale,28,--,"17,900","$16,000,000 ",423 Ocean Ave,Santa Monica,CA,34025373,-118511337,1/19/2019,2087047298,https://www.zillow.com/homedetails/423-Ocean-Ave-Santa-Monica-CA-90402/2087047298_zpid/
Apartment for sale,6,4,"6,414","$3,650,000 ",1528 11th St APT A,Santa Monica,CA,34019603,-118486513,1/19/2019,2093319217,https://www.zillow.com/homedetails/1528-11th-St-APT-A-Santa-Monica-CA-90401/2093319217_zpid/
Coming soon,4,3,"2,635","$3,650,000 ",634 15th St,SANTA MONICA,CA,34033694,-118495621,1/19/2019,20477279,https://www.zillow.com/homedetails/634-15th-St-Santa-Monica-CA-90402/20477279_zpid/
House for sale,5,5,"4,145","$3,725,000 ",2247 24th St,SANTA MONICA,CA,34020994,-118463278,1/19/2019,20473045,https://www.zillow.com/homedetails/2247-24th-St-Santa-Monica-CA-90405/20473045_zpid/
Lot / Land for sale,,,"7,984","$3,750,000 ",858 21st St,SANTA MONICA,CA,34036195,-118487330,1/19/2019,20474860,https://www.zillow.com/homedetails/858-21st-St-Santa-Monica-CA-90403/20474860_zpid/
For sale by owner,3,2,"1,174","$3,750,000 ",704 15th St,SANTA MONICA,CA,34033595,-118495506,1/19/2019,20477278,https://www.zillow.com/homedetails/704-15th-St-Santa-Monica-CA-90402/20477278_zpid/
Apartment for sale,6,6,"3,780","$3,785,000 ",402 Pacific St,Santa Monica,CA,34007728,-118484857,1/19/2019,2102445408,https://www.zillow.com/homedetails/402-Pacific-St-Santa-Monica-CA-90405/2102445408_zpid/
House for sale,3,2,"1,936","$3,800,000 ",733 18th St,SANTA MONICA,CA,34035891,-118491799,1/19/2019,20476801,https://www.zillow.com/homedetails/733-18th-St-Santa-Monica-CA-90402/20476801_zpid/
House for sale,4,5,"4,100","$4,195,000 ",2028 5th St,SANTA MONICA,CA,34008687,-118485231,1/19/2019,20484339,https://www.zillow.com/homedetails/2028-5th-St-Santa-Monica-CA-90405/20484339_zpid/
Condo for sale,3,3,"1,566","$4,200,000 ",201 Ocean Ave UNIT 409P,SANTA MONICA,CA,34027291,-118514638,1/19/2019,20486952,https://www.zillow.com/homedetails/201-Ocean-Ave-UNIT-409P-Santa-Monica-CA-90402/20486952_zpid/
House for sale,4,3,"2,695","$4,295,000 ",410 23rd St,SANTA MONICA,CA,34043362,-118491384,1/19/2019,20476161,https://www.zillow.com/homedetails/410-23rd-St-Santa-Monica-CA-90402/20476161_zpid/
House for sale,4,5,"3,400","$4,299,000 ",248 14th St,SANTA MONICA,CA,34037619,-118502060,1/19/2019,20477505,https://www.zillow.com/homedetails/248-14th-St-Santa-Monica-CA-90402/20477505_zpid/
Apartment for sale,10,10,"3,920","$4,350,000 ",1420 20th St,Santa Monica,CA,34028037,-118479794,1/19/2019,2087491362,https://www.zillow.com/homedetails/1420-20th-St-Santa-Monica-CA-90404/2087491362_zpid/
Apartment for sale,16,16,"8,124","$4,350,000 ",1140 10th St,Santa Monica,CA,34024030,-118493500,1/19/2019,2100633203,https://www.zillow.com/homedetails/1140-10th-St-Santa-Monica-CA-90403/2100633203_zpid/
Apartment for sale,Studio,--,"8,124","$4,350,000 ",1022 Euclid St,Santa Monica,CA,34028007,-118492655,1/19/2019,2100267678,https://www.zillow.com/homedetails/1022-Euclid-St-Santa-Monica-CA-90403/2100267678_zpid/
Condo for sale,2,3,"2,040","$4,400,000 ",1705 Ocean Ave UNIT 510,Santa Monica,CA,34010669,-118491469,1/19/2019,2102876596,https://www.zillow.com/homedetails/1705-Ocean-Ave-UNIT-510-Santa-Monica-CA-90401/2102876596_zpid/
Condo for sale,3,4,"2,210","$4,485,000 ",270 Palisades Beach Rd UNIT 203,Santa Monica,CA,34025090,-118514360,1/19/2019,20486911,https://www.zillow.com/homedetails/270-Palisades-Beach-Rd-UNIT-203-Santa-Monica-CA-90402/20486911_zpid/
House for sale,3,5,"4,043","$4,495,000 ",524 15th St,SANTA MONICA,CA,34035238,-118497427,1/19/2019,20477257,https://www.zillow.com/homedetails/524-15th-St-Santa-Monica-CA-90402/20477257_zpid/
Apartment for sale,15,14,"8,491","$4,495,000 ",1133 Lincoln Blvd,Santa Monica,CA,34023039,-118494997,1/19/2019,2088382515,https://www.zillow.com/homedetails/1133-Lincoln-Blvd-Santa-Monica-CA-90403/2088382515_zpid/
Apartment for sale,Studio,--,"8,076","$4,600,000 ",911 Lincoln Blvd,Santa Monica,CA,34026115,-118498876,1/19/2019,2086384768,https://www.zillow.com/homedetails/911-Lincoln-Blvd-Santa-Monica-CA-90403/2086384768_zpid/
House for sale,Studio,--,"2,296","$4,649,000 ",628 20th St,SANTA MONICA,CA,34037808,-118491705,1/19/2019,20476600,https://www.zillow.com/homedetails/628-20th-St-Santa-Monica-CA-90402/20476600_zpid/
House for sale,6,6,"5,217","$4,650,000 ",251 21st St,SANTA MONICA,CA,34043739,-118496030,1/19/2019,20476365,https://www.zillow.com/homedetails/251-21st-St-Santa-Monica-CA-90402/20476365_zpid/
Apartment for sale,15,14,"8,124","$4,750,000 ",1025 9th St,Santa Monica,CA,34025300,-118496000,1/19/2019,2109342673,https://www.zillow.com/homedetails/1025-9th-St-Santa-Monica-CA-90403/2109342673_zpid/
House for sale,4,4,"3,006","$4,995,000 ",4 Sea Colony Dr,SANTA MONICA,CA,33997743,-118482349,1/19/2019,20483624,https://www.zillow.com/homedetails/4-Sea-Colony-Dr-Santa-Monica-CA-90405/20483624_zpid/
Apartment for sale,15,14,"5,416","$4,999,000 ",917 Lincoln Blvd,Santa Monica,CA,34026050,-118498500,1/19/2019,2111037986,https://www.zillow.com/homedetails/917-Lincoln-Blvd-Santa-Monica-CA-90403/2111037986_zpid/
Coming soon,7,5,"4,176","$9,900,000",417 Sea Ridge Dr,LA JOLLA,CA,32808276,-117265542,2019-01-20,16907608,https://www.zillow.com/homedetails/417-Sea-Ridge-Dr-La-Jolla-CA-92037/16907608_zpid/
